id,number,title,description,serviceId,severity,status,assignee,escalationLevel,createdAt,acknowledgedAt,mitigatedAt,resolvedAt,ackDueAt,resolveDueAt,acknowledgementBreached,slaState,rootCause,source,alertFingerprint
b43e0385-65b2-4756-bcd3-93d43c9af43f,1001,Promo code validation rejecting valid codes,Valid campaign promo codes are rejected as invalid at checkout.,checkout,Sev3,Resolved,farah.khan,1,2026-03-30T10:23:00Z,2026-03-30T13:03:32Z,2026-03-31T03:41:57Z,2026-03-31T13:27:34Z,2026-03-30T14:23:00Z,2026-04-02T10:23:00Z,False,Met,Stale promotion cache after a campaign update.,Manual,
ff2121c2-e750-43f3-b759-6653c23f0449,1002,Search results stale after catalog update,Product search shows outdated prices and stock; index lag is 64 minutes.,search,Sev4,Resolved,farah.khan,1,2026-03-30T10:48:00Z,2026-03-30T17:49:09Z,2026-04-03T22:14:17Z,2026-04-06T17:11:03Z,2026-03-31T10:48:00Z,2026-04-09T10:48:00Z,False,Met,Indexer stuck on a poison message.,Manual,
a851b852-4588-4465-a8a3-fc79098f8f0a,1003,Login failures with invalid token errors,Sign-in fails and sessions are dropped; token validation rejects valid tokens in eastus2.,identity,Sev2,Resolved,alice.nguyen,1,2026-03-30T12:00:00Z,2026-03-30T12:13:55Z,2026-03-30T17:15:31Z,2026-03-30T20:36:35Z,2026-03-30T12:30:00Z,2026-03-30T20:00:00Z,False,Breached,Signing key rotation was not propagated to every validator.,Alertmanager,28be657519d0ada7
c2e811cd-4e36-45db-bd4f-d8edfa5d4e1f,1004,Login failures with invalid token errors,Sign-in fails and sessions are dropped; token validation rejects valid tokens in westeurope.,identity,Sev1,Resolved,farah.khan,1,2026-03-30T12:19:00Z,2026-03-30T12:23:52Z,,2026-03-30T13:48:42Z,2026-03-30T12:34:00Z,2026-03-30T16:19:00Z,False,Met,Signing key rotation was not propagated to every validator.,Manual,
e58a5016-38c7-4167-9c6c-ccdaf56e85c4,1005,Duplicate charges reported by customers,Customers report being charged twice; the idempotency key is not honored on retried authorizations.,payments-gateway,Sev1,Resolved,alice.nguyen,1,2026-03-31T01:37:00Z,2026-03-31T01:45:19Z,2026-03-31T02:32:38Z,2026-03-31T03:04:11Z,2026-03-31T01:52:00Z,2026-03-31T05:37:00Z,False,Met,Client retry policy bypassed the idempotency key.,AzureMonitor,1d2dbcc7bca50ea7
4f80ba85-8f47-4d74-909d-a2b437cae2c0,1006,Database connection pool exhausted on identity,Requests fail with connection pool timeout errors; active connections are pinned at the maximum of 5000.,identity,Sev3,Resolved,bruno.costa,1,2026-03-31T08:44:00Z,2026-03-31T09:00:44Z,,2026-04-02T04:49:17Z,2026-03-31T12:44:00Z,2026-04-03T08:44:00Z,False,Met,Connection leak in an error path that skipped disposing the connection.,Alertmanager,c1f7111aa07be724
d1139d22-09cf-477e-b3ce-bc4c0a2f8e32,1007,SLA watchdog function failures,The SLA check function fails on 55% of executions in brazilsouth.,platform,Sev3,Resolved,alice.nguyen,1,2026-03-31T21:43:00Z,2026-03-31T21:58:53Z,,2026-04-01T20:50:33Z,2026-04-01T01:43:00Z,2026-04-03T21:43:00Z,False,Met,Managed identity lost its role assignment on the Service Bus namespace.,Alertmanager,e9bcd98e2f8fb4d2
e3d57058-bdc9-4457-bec4-4b0f209cde49,1008,Promo code validation rejecting valid codes,Valid campaign promo codes are rejected as invalid at checkout.,checkout,Sev4,Resolved,alice.nguyen,2,2026-04-02T18:25:00Z,2026-04-04T14:02:19Z,,2026-04-20T11:51:49Z,2026-04-04T18:25:00Z,2026-04-12T18:25:00Z,True,Breached,Stale promotion cache after a campaign update.,Manual,
960bb360-d339-4932-a08e-92b6c79674b7,1009,Promo code validation rejecting valid codes,Valid campaign promo codes are rejected as invalid at checkout.,checkout,Sev4,Resolved,alice.nguyen,1,2026-04-03T11:19:00Z,2026-04-03T18:03:27Z,2026-04-06T17:05:23Z,2026-04-08T16:26:41Z,2026-04-04T11:19:00Z,2026-04-13T11:19:00Z,False,Met,Stale promotion cache after a campaign update.,Alertmanager,0ca0f1fd169e2a93
5d6a652d-f7ca-4f6b-abfe-ec3b3bc75cd0,1010,Payment webhook delivery backlog,Payment status webhooks are queued and delayed by 103 minutes.,payments-gateway,Sev2,Resolved,alice.nguyen,1,2026-04-04T13:34:00Z,2026-04-04T13:51:47Z,,2026-04-04T23:49:30Z,2026-04-04T14:04:00Z,2026-04-04T21:34:00Z,False,Breached,Webhook consumer scaled to zero after an autoscaling rule change.,Manual,
63e497e9-e3b1-4264-914e-c490ac9cf83e,1011,Search results stale after catalog update,Product search shows outdated prices and stock; index lag is 102 minutes.,search,Sev4,Resolved,alice.nguyen,1,2026-04-05T09:49:00Z,2026-04-06T02:54:19Z,2026-04-06T11:54:31Z,2026-04-06T17:54:39Z,2026-04-06T09:49:00Z,2026-04-15T09:49:00Z,False,Met,Indexer stuck on a poison message.,Manual,
38c12d4f-18e5-4d94-af0d-ff398b6f4080,1012,Checkout API p99 latency above 1500ms,Cart and order placement requests are slow in brazilsouth; p99 latency stayed above 1500ms for more than ten minutes.,checkout,Sev2,Resolved,alice.nguyen,1,2026-04-05T19:43:00Z,2026-04-05T19:45:43Z,2026-04-05T20:08:11Z,2026-04-05T20:23:09Z,2026-04-05T20:13:00Z,2026-04-06T03:43:00Z,False,Met,Slow query on the orders table after an index was dropped.,AzureMonitor,6febb2c8a5a75dd1
d18108be-f219-41ab-b8a3-b82b76d94f41,1013,Card authorization timeouts with acquirer,Authorization requests to the acquirer time out after 30 seconds; payment success rate dropped to 79%.,payments-gateway,Sev3,Resolved,bruno.costa,2,2026-04-06T17:12:00Z,2026-04-06T21:59:14Z,2026-04-07T16:16:37Z,2026-04-08T04:28:12Z,2026-04-07T01:12:00Z,2026-04-09T17:12:00Z,True,Breached,Acquirer endpoint degradation with no failover to the secondary acquirer.,Alertmanager,94457c2ab37edaf2
23e95706-870e-4b63-b7c1-04bb53b1f2cf,1014,Search cluster high CPU and slow queries,Search query latency is above 3000ms with cluster CPU at 95% on data nodes.,search,Sev4,Resolved,bruno.costa,1,2026-04-07T06:19:00Z,2026-04-08T03:39:38Z,2026-04-09T17:08:12Z,2026-04-10T18:07:14Z,2026-04-08T06:19:00Z,2026-04-17T06:19:00Z,False,Met,Expensive wildcard queries introduced by a new filter.,AzureMonitor,b60c91053969e977
74f09c07-a6e4-4ddc-b611-26f66f30f539,1015,Search results stale after catalog update,Product search shows outdated prices and stock; index lag is 37 minutes.,search,Sev3,Resolved,bruno.costa,1,2026-04-07T10:58:00Z,2026-04-07T12:21:08Z,,2026-04-08T21:06:11Z,2026-04-07T14:58:00Z,2026-04-10T10:58:00Z,False,Met,Indexer stuck on a poison message.,Manual,
814b1e41-2811-46bd-be55-cad7ddaee2c8,1016,Search cluster high CPU and slow queries,Search query latency is above 1200ms with cluster CPU at 95% on data nodes.,search,Sev1,Resolved,carla.mendes,1,2026-04-08T11:49:00Z,2026-04-08T11:52:30Z,,2026-04-08T13:03:56Z,2026-04-08T12:04:00Z,2026-04-08T15:49:00Z,False,Met,Expensive wildcard queries introduced by a new filter.,Manual,
814e9e0e-1185-4587-a0dc-c3411e06eab4,1017,Card authorization timeouts with acquirer,Authorization requests to the acquirer time out after 30 seconds; payment success rate dropped to 69%.,payments-gateway,Sev1,Resolved,bruno.costa,1,2026-04-08T16:53:00Z,2026-04-08T16:55:30Z,2026-04-08T18:29:22Z,2026-04-08T19:31:57Z,2026-04-08T17:08:00Z,2026-04-08T20:53:00Z,False,Met,Acquirer endpoint degradation with no failover to the secondary acquirer.,AzureMonitor,dfc165fd5a03d617
8a142af2-1d16-4d39-a10b-fb08f1dd58b9,1018,Database connection pool exhausted on checkout,Requests fail with connection pool timeout errors; active connections are pinned at the maximum of 5000.,checkout,Sev3,Resolved,bruno.costa,1,2026-04-09T18:10:00Z,2026-04-09T21:06:24Z,2026-04-10T05:13:53Z,2026-04-10T10:38:52Z,2026-04-09T22:10:00Z,2026-04-12T18:10:00Z,False,Met,Connection leak in an error path that skipped disposing the connection.,Alertmanager,8911bd1b8059ae14
3c8cfc9c-54cf-4b19-89ff-6496d9f0d550,1019,Order placement failing with HTTP 500,Customers cannot place orders; POST /orders returns HTTP 500 in brazilsouth.,checkout,Sev2,Resolved,carla.mendes,2,2026-04-10T10:43:00Z,2026-04-10T11:41:07Z,2026-04-10T15:39:04Z,2026-04-10T18:17:42Z,2026-04-10T11:43:00Z,2026-04-10T18:43:00Z,True,Breached,Null reference in promotion rules after a configuration change.,Manual,
a6c47827-c118-430c-98d1-273836140cc1,1020,Error rate spike after deployment of identity,Error rate rose to 54% minutes after a release in westeurope; the release was rolled back.,identity,Sev2,Resolved,bruno.costa,1,2026-04-10T11:12:00Z,2026-04-10T11:26:05Z,,2026-04-10T15:26:57Z,2026-04-10T11:42:00Z,2026-04-10T19:12:00Z,False,Met,Regression shipped without canary analysis.,Manual,
de4b7350-fc49-4537-8324-04c3a5611fb1,1021,Nightly reporting ETL job failed,The nightly ETL job failed and dashboards show the previous day's data.,reporting,Sev3,Resolved,bruno.costa,1,2026-04-10T13:00:00Z,2026-04-10T15:26:23Z,2026-04-11T08:55:54Z,2026-04-11T20:35:35Z,2026-04-10T17:00:00Z,2026-04-13T13:00:00Z,False,Met,Upstream schema change in the orders export.,Manual,
a7151d87-a4bd-43a0-88c1-aad9142f715a,1022,Database connection pool exhausted on notifications,Requests fail with connection pool timeout errors; active connections are pinned at the maximum of 100.,notifications,Sev2,Resolved,bruno.costa,2,2026-04-11T07:15:00Z,2026-04-11T08:02:12Z,,2026-04-11T08:56:02Z,2026-04-11T08:15:00Z,2026-04-11T15:15:00Z,True,Breached,Connection leak in an error path that skipped disposing the connection.,AzureMonitor,72f1d0c0bfa138c5
d3521acc-980c-4e2f-b2cb-4de7fdc86e2a,1023,Push notifications failing for Android devices,Android push notifications fail with invalid credentials from the push provider.,notifications,Sev3,Resolved,carla.mendes,1,2026-04-11T15:59:00Z,2026-04-11T17:00:16Z,2026-04-12T20:05:08Z,2026-04-13T14:08:22Z,2026-04-11T19:59:00Z,2026-04-14T15:59:00Z,False,Met,Push provider credentials expired.,Manual,
910ec71b-4b36-4eec-80e0-c7c002daad49,1024,Card authorization timeouts with acquirer,Authorization requests to the acquirer time out after 30 seconds; payment success rate dropped to 78%.,payments-gateway,Sev2,Resolved,bruno.costa,1,2026-04-12T05:40:00Z,2026-04-12T06:03:28Z,2026-04-12T07:14:12Z,2026-04-12T08:01:21Z,2026-04-12T06:10:00Z,2026-04-12T13:40:00Z,False,Met,Acquirer endpoint degradation with no failover to the secondary acquirer.,Manual,
652c48dc-73d8-4273-80ea-ef8bbefd7976,1025,Email delivery queue backlog,Outbound email queue depth is above 100; transactional emails are delayed.,notifications,Sev4,Resolved,bruno.costa,1,2026-04-12T23:07:00Z,2026-04-13T03:34:16Z,2026-04-17T19:45:45Z,2026-04-20T22:33:24Z,2026-04-13T23:07:00Z,2026-04-22T23:07:00Z,False,Met,Queue consumer crash loop after a dependency upgrade.,AzureMonitor,521c20c2fa7110af
842036c2-0dab-4f3e-b1c1-28c2bc069d35,1026,Push notifications failing for Android devices,Android push notifications fail with invalid credentials from the push provider.,notifications,Sev3,Resolved,bruno.costa,1,2026-04-13T00:07:00Z,2026-04-13T01:36:50Z,2026-04-19T19:33:48Z,2026-04-24T07:31:47Z,2026-04-13T04:07:00Z,2026-04-16T00:07:00Z,False,Breached,Push provider credentials expired.,Manual,
7ef50e46-bc02-46f0-a52f-aa7678a82ea9,1027,Payment webhook delivery backlog,Payment status webhooks are queued and delayed by 45 minutes.,payments-gateway,Sev3,Resolved,bruno.costa,1,2026-04-13T02:47:00Z,2026-04-13T03:59:42Z,2026-04-13T18:21:58Z,2026-04-14T03:56:49Z,2026-04-13T06:47:00Z,2026-04-16T02:47:00Z,False,Met,Webhook consumer scaled to zero after an autoscaling rule change.,Alertmanager,145e2733b5256fbf
b497be4c-8516-43ee-8482-7639dfdd4509,1028,Dead-lettered messages on incident-events topic,Dead-lettered message count on the incident-events topic is above 1000.,platform,Sev3,Resolved,bruno.costa,1,2026-04-13T06:43:00Z,2026-04-13T08:43:38Z,2026-04-13T17:11:58Z,2026-04-13T22:50:52Z,2026-04-13T10:43:00Z,2026-04-16T06:43:00Z,False,Met,Consumer rejected messages carrying an outdated schema version.,Alertmanager,f64ffae318222e75
b871d931-76f7-4317-b9ea-8b505965b78c,1029,Database connection pool exhausted on identity,Requests fail with connection pool timeout errors; active connections are pinned at the maximum of 100.,identity,Sev2,Resolved,bruno.costa,1,2026-04-13T09:50:00Z,2026-04-13T09:55:05Z,2026-04-13T11:07:42Z,2026-04-13T11:56:06Z,2026-04-13T10:20:00Z,2026-04-13T17:50:00Z,False,Met,Connection leak in an error path that skipped disposing the connection.,Alertmanager,cfc4347845cb638c
f34c4a8b-da40-48fc-9c8d-aebb55eca316,1030,Checkout API p99 latency above 3000ms,Cart and order placement requests are slow in southeastasia; p99 latency stayed above 3000ms for more than ten minutes.,checkout,Sev4,Resolved,bruno.costa,1,2026-04-13T12:47:00Z,2026-04-13T15:37:46Z,2026-04-15T18:26:50Z,2026-04-17T04:19:33Z,2026-04-14T12:47:00Z,2026-04-23T12:47:00Z,False,Met,Slow query on the orders table after an index was dropped.,Alertmanager,80505667a0343a34
77fe9d4c-4dbc-48f7-9740-cb9743f1be0e,1031,Nightly reporting ETL job failed,The nightly ETL job failed and dashboards show the previous day's data.,reporting,Sev3,Resolved,carla.mendes,1,2026-04-13T17:55:00Z,2026-04-13T19:54:49Z,2026-04-14T20:48:53Z,2026-04-15T13:24:56Z,2026-04-13T21:55:00Z,2026-04-16T17:55:00Z,False,Met,Upstream schema change in the orders export.,Manual,
8f625741-677c-49da-a61e-9be04a17d308,1032,Duplicate charges reported by customers,Customers report being charged twice; the idempotency key is not honored on retried authorizations.,payments-gateway,Sev3,Resolved,carla.mendes,1,2026-04-13T20:17:00Z,2026-04-13T21:36:11Z,2026-04-14T06:15:02Z,2026-04-14T12:00:56Z,2026-04-14T00:17:00Z,2026-04-16T20:17:00Z,False,Met,Client retry policy bypassed the idempotency key.,Manual,
fdbe9679-a4be-4c5d-aff3-a757b11781b2,1033,TLS certificate expiring on checkout endpoint,The public certificate for checkout expires in 18 days and automated renewal did not run.,checkout,Sev2,Resolved,carla.mendes,1,2026-04-14T10:24:00Z,2026-04-14T10:42:29Z,2026-04-14T11:56:44Z,2026-04-14T12:46:14Z,2026-04-14T10:54:00Z,2026-04-14T18:24:00Z,False,Met,Certificate renewal job was disabled during a pipeline migration.,Manual,
e7f9dc27-2184-43fc-9765-57d5cc98f438,1034,Error rate spike after deployment of identity,Error rate rose to 85% minutes after a release in brazilsouth; the release was rolled back.,identity,Sev3,Resolved,carla.mendes,1,2026-04-15T02:01:00Z,2026-04-15T04:01:30Z,2026-04-15T06:54:08Z,2026-04-15T08:49:13Z,2026-04-15T06:01:00Z,2026-04-18T02:01:00Z,False,Met,Regression shipped without canary analysis.,AzureMonitor,dfb37bfd9b4f2c2b
5cb5f077-1d58-43e9-9bd5-accbb9b09384,1035,Error rate spike after deployment of platform,Error rate rose to 44% minutes after a release in southeastasia; the release was rolled back.,platform,Sev2,Resolved,carla.mendes,1,2026-04-15T23:02:00Z,2026-04-15T23:19:43Z,,2026-04-16T07:08:46Z,2026-04-15T23:32:00Z,2026-04-16T07:02:00Z,False,Breached,Regression shipped without canary analysis.,Alertmanager,901e41b0afd23228
717aa556-d554-4952-875f-7ed6c3329148,1036,Search results stale after catalog update,Product search shows outdated prices and stock; index lag is 38 minutes.,search,Sev4,Resolved,carla.mendes,1,2026-04-15T23:21:00Z,2026-04-16T03:18:50Z,2026-04-17T07:05:03Z,2026-04-18T01:35:52Z,2026-04-16T23:21:00Z,2026-04-25T23:21:00Z,False,Met,Indexer stuck on a poison message.,Alertmanager,d02415fe65f0ed2e
eb44cb37-7b5b-44b7-ac7b-ab9cfe8b06e0,1037,Report export timeouts for large date ranges,CSV report exports time out for date ranges longer than 22 days.,reporting,Sev4,Resolved,carla.mendes,1,2026-04-16T04:21:00Z,2026-04-16T18:02:54Z,2026-04-22T14:59:11Z,2026-04-26T12:56:43Z,2026-04-17T04:21:00Z,2026-04-26T04:21:00Z,False,Breached,Unbounded query without pagination.,Manual,
ba2fc09a-2023-46ca-8b23-95ed60c666d2,1038,Login failures with invalid token errors,Sign-in fails and sessions are dropped; token validation rejects valid tokens in southeastasia.,identity,Sev2,Resolved,carla.mendes,2,2026-04-17T06:57:00Z,2026-04-17T07:43:46Z,2026-04-17T08:24:02Z,2026-04-17T08:50:52Z,2026-04-17T07:57:00Z,2026-04-17T14:57:00Z,True,Breached,Signing key rotation was not propagated to every validator.,Alertmanager,c250f0e9c448888c
a94be047-8d8e-44be-8834-df113c8aa015,1039,Payment webhook delivery backlog,Payment status webhooks are queued and delayed by 75 minutes.,payments-gateway,Sev3,Resolved,carla.mendes,1,2026-04-17T08:01:00Z,2026-04-17T08:37:47Z,2026-04-18T17:42:11Z,2026-04-19T15:45:07Z,2026-04-17T12:01:00Z,2026-04-20T08:01:00Z,False,Met,Webhook consumer scaled to zero after an autoscaling rule change.,Alertmanager,397733a882450997
bd56f3c4-80ce-49f2-8969-af3f1e777017,1040,Nightly reporting ETL job failed,The nightly ETL job failed and dashboards show the previous day's data.,reporting,Sev4,Resolved,carla.mendes,1,2026-04-17T12:44:00Z,2026-04-17T18:15:45Z,,2026-04-20T20:50:47Z,2026-04-18T12:44:00Z,2026-04-27T12:44:00Z,False,Met,Upstream schema change in the orders export.,Alertmanager,031b8f6f497b133c
4727fba3-9ddd-4360-ae64-1878464737ca,1041,Checkout API p99 latency above 1200ms,Cart and order placement requests are slow in westeurope; p99 latency stayed above 1200ms for more than ten minutes.,checkout,Sev3,Resolved,diego.ramos,1,2026-04-17T15:55:00Z,2026-04-17T16:23:48Z,2026-04-18T16:47:07Z,2026-04-19T09:02:40Z,2026-04-17T19:55:00Z,2026-04-20T15:55:00Z,False,Met,Slow query on the orders table after an index was dropped.,AzureMonitor,29a65c5f9f01ff40
35ee48ac-67f7-44c3-8b1e-ea7139c38772,1042,Checkout API p99 latency above 2000ms,Cart and order placement requests are slow in brazilsouth; p99 latency stayed above 2000ms for more than ten minutes.,checkout,Sev3,Resolved,carla.mendes,2,2026-04-18T21:09:00Z,2026-04-19T04:37:04Z,2026-04-19T19:18:08Z,2026-04-20T05:05:31Z,2026-04-19T05:09:00Z,2026-04-21T21:09:00Z,True,Breached,Slow query on the orders table after an index was dropped.,AzureMonitor,94e5ea350719b4f9
72fb7c9b-4bd5-469d-8789-6cdd715edb7e,1043,Login failures with invalid token errors,Sign-in fails and sessions are dropped; token validation rejects valid tokens in westeurope.,identity,Sev2,Resolved,carla.mendes,1,2026-04-18T22:09:00Z,2026-04-18T22:18:32Z,,2026-04-19T20:29:30Z,2026-04-18T22:39:00Z,2026-04-19T06:09:00Z,False,Breached,Signing key rotation was not propagated to every validator.,Manual,
f2f5f6e9-742b-4268-aee5-b7a642d0932e,1044,Login failures with invalid token errors,Sign-in fails and sessions are dropped; token validation rejects valid tokens in eastus2.,identity,Sev2,Resolved,carla.mendes,2,2026-04-20T05:28:00Z,2026-04-20T05:59:16Z,2026-04-20T08:58:42Z,2026-04-20T10:58:19Z,2026-04-20T06:28:00Z,2026-04-20T13:28:00Z,True,Breached,Signing key rotation was not propagated to every validator.,Alertmanager,6b10d4102229ce72
b8dbecc5-47c0-4d44-aeea-1c3ddddcd138,1045,Login failures with invalid token errors,Sign-in fails and sessions are dropped; token validation rejects valid tokens in brazilsouth.,identity,Sev3,Resolved,diego.ramos,2,2026-04-20T11:50:00Z,2026-04-20T18:52:30Z,,2026-04-21T01:07:57Z,2026-04-20T19:50:00Z,2026-04-23T11:50:00Z,True,Breached,Signing key rotation was not propagated to every validator.,AzureMonitor,5b75ec3fadd0c8a8
e9b5902d-b1cb-4ad9-993f-e76337cbeef6,1046,Error rate spike after deployment of payments-gateway,Error rate rose to 59% minutes after a release in southeastasia; the release was rolled back.,payments-gateway,Sev2,Resolved,diego.ramos,1,2026-04-21T09:41:00Z,2026-04-21T09:46:24Z,2026-04-21T10:43:32Z,2026-04-21T11:21:37Z,2026-04-21T10:11:00Z,2026-04-21T17:41:00Z,False,Met,Regression shipped without canary analysis.,AzureMonitor,3ba0e1e61e39270c
6cac4f0f-1d94-4fad-b063-64945380db54,1047,MFA SMS codes not delivered,One-time passcodes sent by SMS are delayed or never delivered to users in eastus2.,identity,Sev2,Resolved,diego.ramos,1,2026-04-21T13:54:00Z,2026-04-21T13:59:31Z,2026-04-21T17:14:58Z,2026-04-21T19:25:16Z,2026-04-21T14:24:00Z,2026-04-21T21:54:00Z,False,Met,SMS provider throttled the sender after a traffic burst.,Alertmanager,d2346270fe0dcb2f
59b92ec3-733e-4fac-91a6-a9cf15be4645,1048,Error rate spike after deployment of identity,Error rate rose to 63% minutes after a release in eastus2; the release was rolled back.,identity,Sev2,Resolved,diego.ramos,1,2026-04-21T14:47:00Z,2026-04-21T15:02:08Z,2026-04-21T15:49:41Z,2026-04-21T16:21:23Z,2026-04-21T15:17:00Z,2026-04-21T22:47:00Z,False,Met,Regression shipped without canary analysis.,Manual,
c40da9bb-d284-46f1-bcd5-de1f557a426d,1049,Email delivery queue backlog,Outbound email queue depth is above 1000; transactional emails are delayed.,notifications,Sev3,Resolved,diego.ramos,2,2026-04-21T18:49:00Z,2026-04-21T23:08:16Z,2026-04-23T12:11:19Z,2026-04-24T12:53:21Z,2026-04-22T02:49:00Z,2026-04-24T18:49:00Z,True,Breached,Queue consumer crash loop after a dependency upgrade.,Alertmanager,23cd2f8aaf462b19
cc405277-76e3-4afe-92e9-0b12ca414c10,1050,MFA SMS codes not delivered,One-time passcodes sent by SMS are delayed or never delivered to users in eastus2.,identity,Sev3,Resolved,diego.ramos,3,2026-04-21T19:49:00Z,2026-04-22T06:55:00Z,,2026-04-23T12:17:47Z,2026-04-22T07:49:00Z,2026-04-24T19:49:00Z,True,Breached,SMS provider throttled the sender after a traffic burst.,AzureMonitor,a45ae26746e8b5a3
2e2b5965-15ca-462f-97e9-9b7bdf85ed54,1051,Push notifications failing for Android devices,Android push notifications fail with invalid credentials from the push provider.,notifications,Sev3,Resolved,erin.walsh,2,2026-04-23T14:20:00Z,2026-04-23T21:13:05Z,2026-04-24T04:12:31Z,2026-04-24T08:52:08Z,2026-04-23T22:20:00Z,2026-04-26T14:20:00Z,True,Breached,Push provider credentials expired.,Manual,
5104513b-2ff9-4f18-81b1-0d112b794530,1052,MFA SMS codes not delivered,One-time passcodes sent by SMS are delayed or never delivered to users in eastus2.,identity,Sev2,Resolved,erin.walsh,1,2026-04-23T18:23:00Z,2026-04-23T18:26:10Z,2026-04-23T19:10:48Z,2026-04-23T19:40:33Z,2026-04-23T18:53:00Z,2026-04-24T02:23:00Z,False,Met,SMS provider throttled the sender after a traffic burst.,AzureMonitor,66c961cd0d8aa89a
c0a5a4b2-6bf9-4d01-9bba-84095c19da81,1053,Card authorization timeouts with acquirer,Authorization requests to the acquirer time out after 30 seconds; payment success rate dropped to 46%.,payments-gateway,Sev2,Resolved,diego.ramos,3,2026-04-23T18:29:00Z,2026-04-23T20:10:01Z,2026-04-23T23:01:39Z,2026-04-24T00:56:04Z,2026-04-23T19:59:00Z,2026-04-24T02:29:00Z,True,Breached,Acquirer endpoint degradation with no failover to the secondary acquirer.,Manual,
e3665593-e33e-4f49-8d6b-734a8173ed31,1054,Duplicate charges reported by customers,Customers report being charged twice; the idempotency key is not honored on retried authorizations.,payments-gateway,Sev2,Resolved,erin.walsh,1,2026-04-23T23:03:00Z,2026-04-23T23:10:56Z,2026-04-24T01:15:29Z,2026-04-24T02:38:31Z,2026-04-23T23:33:00Z,2026-04-24T07:03:00Z,False,Met,Client retry policy bypassed the idempotency key.,Manual,
07917d89-f82b-42c2-bec6-484f1fa138ec,1055,Duplicate charges reported by customers,Customers report being charged twice; the idempotency key is not honored on retried authorizations.,payments-gateway,Sev2,Resolved,diego.ramos,1,2026-04-24T10:41:00Z,2026-04-24T11:03:17Z,2026-04-24T13:02:24Z,2026-04-24T14:21:49Z,2026-04-24T11:11:00Z,2026-04-24T18:41:00Z,False,Met,Client retry policy bypassed the idempotency key.,Manual,
914a76f8-cef5-47ca-b144-a9f996371897,1056,Error rate spike after deployment of checkout,Error rate rose to 71% minutes after a release in southeastasia; the release was rolled back.,checkout,Sev2,Resolved,erin.walsh,1,2026-04-24T12:33:00Z,2026-04-24T12:42:26Z,2026-04-24T13:39:57Z,2026-04-24T14:18:17Z,2026-04-24T13:03:00Z,2026-04-24T20:33:00Z,False,Met,Regression shipped without canary analysis.,AzureMonitor,faf437dab97a76bf
cbce2630-3ad6-4523-8de8-cdc9fe33cece,1057,Duplicate charges reported by customers,Customers report being charged twice; the idempotency key is not honored on retried authorizations.,payments-gateway,Sev1,Resolved,diego.ramos,1,2026-04-24T22:21:00Z,2026-04-24T22:31:23Z,2026-04-24T23:06:37Z,2026-04-24T23:30:06Z,2026-04-24T22:36:00Z,2026-04-25T02:21:00Z,False,Met,Client retry policy bypassed the idempotency key.,Manual,
247cd272-af70-40f4-bc36-de3d71e4ec48,1058,Email delivery queue backlog,Outbound email queue depth is above 100; transactional emails are delayed.,notifications,Sev3,Resolved,diego.ramos,1,2026-04-25T12:25:00Z,2026-04-25T13:00:48Z,2026-05-02T12:27:00Z,2026-05-07T04:04:28Z,2026-04-25T16:25:00Z,2026-04-28T12:25:00Z,False,Breached,Queue consumer crash loop after a dependency upgrade.,AzureMonitor,43bba2b7e6df7352
33f8404d-de93-4a78-9801-2a1f29fcaaf8,1059,TLS certificate expiring on search endpoint,The public certificate for search expires in 26 days and automated renewal did not run.,search,Sev4,Resolved,diego.ramos,1,2026-04-25T18:51:00Z,2026-04-25T22:00:08Z,2026-04-26T15:17:51Z,2026-04-27T02:49:40Z,2026-04-26T18:51:00Z,2026-05-05T18:51:00Z,False,Met,Certificate renewal job was disabled during a pipeline migration.,AzureMonitor,3b10e669f5095b45
577d464c-cbfb-4f12-8653-b1034c1a227a,1060,SLA watchdog function failures,The SLA check function fails on 40% of executions in eastus2.,platform,Sev3,Resolved,diego.ramos,1,2026-04-26T14:42:00Z,2026-04-26T15:00:42Z,2026-04-26T22:58:39Z,2026-04-27T04:17:17Z,2026-04-26T18:42:00Z,2026-04-29T14:42:00Z,False,Met,Managed identity lost its role assignment on the Service Bus namespace.,Alertmanager,9b8958107e69633a
37b1178e-0a24-4fd1-a36c-f92dfe99c47b,1061,Order placement failing with HTTP 500,Customers cannot place orders; POST /orders returns HTTP 500 in eastus2.,checkout,Sev3,Resolved,diego.ramos,1,2026-04-26T17:31:00Z,2026-04-26T18:35:52Z,2026-04-28T09:47:57Z,2026-04-29T11:56:01Z,2026-04-26T21:31:00Z,2026-04-29T17:31:00Z,False,Met,Null reference in promotion rules after a configuration change.,AzureMonitor,ae8e5f249153e652
6f59bd09-ba82-4517-8fc0-f121ce97f16e,1062,Search results stale after catalog update,Product search shows outdated prices and stock; index lag is 79 minutes.,search,Sev2,Resolved,diego.ramos,1,2026-04-26T17:41:00Z,2026-04-26T17:53:01Z,2026-04-26T22:05:39Z,2026-04-27T00:54:04Z,2026-04-26T18:11:00Z,2026-04-27T01:41:00Z,False,Met,Indexer stuck on a poison message.,AzureMonitor,9b6bc39ed30270b8
91b3a079-aa62-4551-a00d-317242398541,1063,Payment webhook delivery backlog,Payment status webhooks are queued and delayed by 12 minutes.,payments-gateway,Sev3,Resolved,diego.ramos,2,2026-04-26T19:05:00Z,2026-04-26T23:25:04Z,2026-04-27T15:44:43Z,2026-04-28T02:37:49Z,2026-04-27T03:05:00Z,2026-04-29T19:05:00Z,True,Breached,Webhook consumer scaled to zero after an autoscaling rule change.,Alertmanager,9c0fbd15db0bfcb7
d294ba6f-6c97-494a-a236-4a7c29816010,1064,Error rate spike after deployment of checkout,Error rate rose to 66% minutes after a release in southeastasia; the release was rolled back.,checkout,Sev1,Resolved,diego.ramos,2,2026-04-27T00:46:00Z,2026-04-27T01:03:31Z,,2026-04-27T01:35:26Z,2026-04-27T01:16:00Z,2026-04-27T04:46:00Z,True,Breached,Regression shipped without canary analysis.,Alertmanager,67c838de84a50e1a
7498ac17-9b20-49d9-a429-2ce3203ca881,1065,Checkout API p99 latency above 2000ms,Cart and order placement requests are slow in brazilsouth; p99 latency stayed above 2000ms for more than ten minutes.,checkout,Sev1,Resolved,diego.ramos,1,2026-04-27T02:56:00Z,2026-04-27T03:02:58Z,,2026-04-27T04:56:44Z,2026-04-27T03:11:00Z,2026-04-27T06:56:00Z,False,Met,Slow query on the orders table after an index was dropped.,Alertmanager,9eec45117387b3f1
d4a40b30-b258-4357-a325-e4bd1eb85fd2,1066,Database connection pool exhausted on platform,Requests fail with connection pool timeout errors; active connections are pinned at the maximum of 5000.,platform,Sev2,Resolved,diego.ramos,2,2026-04-27T03:16:00Z,2026-04-27T03:55:32Z,2026-04-27T04:41:20Z,2026-04-27T05:11:52Z,2026-04-27T04:16:00Z,2026-04-27T11:16:00Z,True,Breached,Connection leak in an error path that skipped disposing the connection.,Alertmanager,fd7f1f3121a67f1a
ffb903e5-71b9-4909-bef6-fc05ada63554,1067,Promo code validation rejecting valid codes,Valid campaign promo codes are rejected as invalid at checkout.,checkout,Sev3,Resolved,diego.ramos,1,2026-04-27T06:30:00Z,2026-04-27T07:33:11Z,,2026-04-30T02:14:58Z,2026-04-27T10:30:00Z,2026-04-30T06:30:00Z,False,Met,Stale promotion cache after a campaign update.,Manual,
a0cb1ddd-57cc-4f98-8584-21206d2c9050,1068,Search results stale after catalog update,Product search shows outdated prices and stock; index lag is 48 minutes.,search,Sev3,Resolved,diego.ramos,3,2026-04-27T13:04:00Z,2026-04-27T23:38:00Z,2026-04-29T05:49:51Z,2026-04-30T01:57:45Z,2026-04-28T01:04:00Z,2026-04-30T13:04:00Z,True,Breached,Indexer stuck on a poison message.,Manual,
439fcbb9-ec4f-416c-ae84-999c14d69702,1069,Error rate spike after deployment of reporting,Error rate rose to 40% minutes after a release in southeastasia; the release was rolled back.,reporting,Sev2,Resolved,erin.walsh,1,2026-04-27T18:40:00Z,2026-04-27T18:45:46Z,2026-04-27T21:31:43Z,2026-04-27T23:22:21Z,2026-04-27T19:10:00Z,2026-04-28T02:40:00Z,False,Met,Regression shipped without canary analysis.,AzureMonitor,fc92b586cdfa7574
299757f0-38b2-4cf1-9708-c68543227470,1070,Login failures with invalid token errors,Sign-in fails and sessions are dropped; token validation rejects valid tokens in brazilsouth.,identity,Sev2,Resolved,erin.walsh,3,2026-04-27T23:14:00Z,2026-04-28T03:39:52Z,2026-04-28T06:20:14Z,2026-04-28T08:07:09Z,2026-04-28T00:44:00Z,2026-04-28T07:14:00Z,True,Breached,Signing key rotation was not propagated to every validator.,Manual,
0dd99813-b419-44b1-a810-697a84ede0a5,1071,Duplicate charges reported by customers,Customers report being charged twice; the idempotency key is not honored on retried authorizations.,payments-gateway,Sev2,Resolved,farah.khan,2,2026-04-28T00:20:00Z,2026-04-28T00:55:53Z,,2026-04-28T03:21:08Z,2026-04-28T01:20:00Z,2026-04-28T08:20:00Z,True,Breached,Client retry policy bypassed the idempotency key.,Manual,
760ff7c9-2424-4aa8-9c64-63ffbe544c22,1072,TLS certificate expiring on checkout endpoint,The public certificate for checkout expires in 5 days and automated renewal did not run.,checkout,Sev4,Resolved,erin.walsh,1,2026-04-28T05:54:00Z,2026-04-28T13:31:40Z,2026-04-29T17:00:35Z,2026-04-30T11:19:51Z,2026-04-29T05:54:00Z,2026-05-08T05:54:00Z,False,Met,Certificate renewal job was disabled during a pipeline migration.,Alertmanager,0c8fd48920faeb0d
230d0846-8f7d-44a8-8910-171ccca51167,1073,Duplicate charges reported by customers,Customers report being charged twice; the idempotency key is not honored on retried authorizations.,payments-gateway,Sev2,Resolved,erin.walsh,1,2026-04-29T16:03:00Z,2026-04-29T16:06:49Z,2026-04-29T17:20:30Z,2026-04-29T18:09:37Z,2026-04-29T16:33:00Z,2026-04-30T00:03:00Z,False,Met,Client retry policy bypassed the idempotency key.,Manual,
c5aa5cbf-235a-4113-bb09-ae26415cdb8f,1074,Error rate spike after deployment of identity,Error rate rose to 85% minutes after a release in eastus2; the release was rolled back.,identity,Sev3,Resolved,erin.walsh,1,2026-04-29T19:40:00Z,2026-04-29T21:25:06Z,2026-05-01T05:12:26Z,2026-05-02T02:24:00Z,2026-04-29T23:40:00Z,2026-05-02T19:40:00Z,False,Met,Regression shipped without canary analysis.,Alertmanager,02b07d7137cb8452
df6205b3-d10f-4dc1-85d5-5643256afe53,1075,TLS certificate expiring on platform endpoint,The public certificate for platform expires in 21 days and automated renewal did not run.,platform,Sev3,Resolved,erin.walsh,1,2026-04-30T09:52:00Z,2026-04-30T10:23:13Z,2026-05-01T09:47:47Z,2026-05-02T01:24:10Z,2026-04-30T13:52:00Z,2026-05-03T09:52:00Z,False,Met,Certificate renewal job was disabled during a pipeline migration.,AzureMonitor,f21d83097f061fb1
fa56eb41-9849-4e73-89f7-a778887c20ca,1076,Database connection pool exhausted on notifications,Requests fail with connection pool timeout errors; active connections are pinned at the maximum of 100.,notifications,Sev1,Resolved,farah.khan,1,2026-04-30T17:59:00Z,2026-04-30T18:06:54Z,,2026-04-30T19:12:14Z,2026-04-30T18:14:00Z,2026-04-30T21:59:00Z,False,Met,Connection leak in an error path that skipped disposing the connection.,Alertmanager,6b28f062ed6dc749
cf0ad777-2825-4568-8cfb-026037e27b8d,1077,Error rate spike after deployment of payments-gateway,Error rate rose to 65% minutes after a release in southeastasia; the release was rolled back.,payments-gateway,Sev3,Resolved,erin.walsh,1,2026-04-30T19:31:00Z,2026-04-30T20:16:28Z,,2026-05-01T05:51:45Z,2026-04-30T23:31:00Z,2026-05-03T19:31:00Z,False,Met,Regression shipped without canary analysis.,AzureMonitor,f95b81cec696a3d3
5f88f632-4243-4ebf-a7f3-fa377e2428ad,1078,Search cluster high CPU and slow queries,Search query latency is above 3000ms with cluster CPU at 95% on data nodes.,search,Sev4,Resolved,erin.walsh,2,2026-05-01T10:02:00Z,2026-05-02T13:46:03Z,,2026-05-04T09:58:59Z,2026-05-03T10:02:00Z,2026-05-11T10:02:00Z,True,Breached,Expensive wildcard queries introduced by a new filter.,Manual,
325680bf-3beb-4fc2-a23e-0a5710e55c64,1079,SLA watchdog function failures,The SLA check function fails on 68% of executions in westeurope.,platform,Sev3,Resolved,erin.walsh,1,2026-05-01T11:04:00Z,2026-05-01T12:13:26Z,2026-05-01T14:19:14Z,2026-05-01T15:43:06Z,2026-05-01T15:04:00Z,2026-05-04T11:04:00Z,False,Met,Managed identity lost its role assignment on the Service Bus namespace.,Alertmanager,06e483e62cb6fd69
dc86cf76-3adc-4f47-b326-e3848dd485f5,1080,Duplicate charges reported by customers,Customers report being charged twice; the idempotency key is not honored on retried authorizations.,payments-gateway,Sev1,Resolved,erin.walsh,1,2026-05-01T13:01:00Z,2026-05-01T13:08:26Z,2026-05-01T15:19:47Z,2026-05-01T16:47:21Z,2026-05-01T13:16:00Z,2026-05-01T17:01:00Z,False,Met,Client retry policy bypassed the idempotency key.,Manual,
98292487-0ee5-4685-81ca-1e9c65eb44de,1081,Promo code validation rejecting valid codes,Valid campaign promo codes are rejected as invalid at checkout.,checkout,Sev4,Resolved,alice.nguyen,1,2026-05-05T05:54:00Z,2026-05-05T15:36:45Z,2026-05-07T23:06:55Z,2026-05-09T12:07:01Z,2026-05-06T05:54:00Z,2026-05-15T05:54:00Z,False,Met,Stale promotion cache after a campaign update.,Manual,
be93ad06-17af-4579-9418-ee0064b9142a,1082,SLA watchdog function failures,The SLA check function fails on 64% of executions in southeastasia.,platform,Sev2,Resolved,farah.khan,1,2026-05-05T20:24:00Z,2026-05-05T20:48:21Z,,2026-05-05T22:53:18Z,2026-05-05T20:54:00Z,2026-05-06T04:24:00Z,False,Met,Managed identity lost its role assignment on the Service Bus namespace.,Alertmanager,bc18554c85519acb
a53b3ea7-c051-4078-8df2-f96b1e87e67a,1083,Email delivery queue backlog,Outbound email queue depth is above 100; transactional emails are delayed.,notifications,Sev2,Resolved,farah.khan,1,2026-05-06T01:51:00Z,2026-05-06T01:54:51Z,2026-05-06T03:16:58Z,2026-05-06T04:11:43Z,2026-05-06T02:21:00Z,2026-05-06T09:51:00Z,False,Met,Queue consumer crash loop after a dependency upgrade.,AzureMonitor,79764a29d6494c1d
7b683989-37fe-43ed-8f87-f0822fb3689f,1084,Promo code validation rejecting valid codes,Valid campaign promo codes are rejected as invalid at checkout.,checkout,Sev4,Resolved,farah.khan,2,2026-05-06T12:27:00Z,2026-05-07T19:06:38Z,2026-05-08T07:39:15Z,2026-05-08T16:01:00Z,2026-05-08T12:27:00Z,2026-05-16T12:27:00Z,True,Breached,Stale promotion cache after a campaign update.,Manual,
3a58c590-3ad7-42d6-8dae-763910bf884e,1085,MFA SMS codes not delivered,One-time passcodes sent by SMS are delayed or never delivered to users in westeurope.,identity,Sev3,Resolved,farah.khan,1,2026-05-07T03:27:00Z,2026-05-07T04:51:15Z,,2026-05-09T12:57:39Z,2026-05-07T07:27:00Z,2026-05-10T03:27:00Z,False,Met,SMS provider throttled the sender after a traffic burst.,Manual,
aa41a00b-687a-47c4-a198-30a00509c2ca,1086,Login failures with invalid token errors,Sign-in fails and sessions are dropped; token validation rejects valid tokens in westeurope.,identity,Sev2,Resolved,farah.khan,1,2026-05-07T10:11:00Z,2026-05-07T10:17:59Z,,2026-05-07T13:46:46Z,2026-05-07T10:41:00Z,2026-05-07T18:11:00Z,False,Met,Signing key rotation was not propagated to every validator.,Alertmanager,9736ed967e4ef4b8
466cd93a-1866-45ce-be7f-3b78c98d3816,1087,Card authorization timeouts with acquirer,Authorization requests to the acquirer time out after 30 seconds; payment success rate dropped to 62%.,payments-gateway,Sev3,Resolved,alice.nguyen,1,2026-05-07T16:02:00Z,2026-05-07T18:34:39Z,,2026-05-12T09:38:45Z,2026-05-07T20:02:00Z,2026-05-10T16:02:00Z,False,Breached,Acquirer endpoint degradation with no failover to the secondary acquirer.,Manual,
242e9cfc-3316-4538-bb4d-ae70cd4280ef,1088,Card authorization timeouts with acquirer,Authorization requests to the acquirer time out after 30 seconds; payment success rate dropped to 53%.,payments-gateway,Sev3,Resolved,alice.nguyen,1,2026-05-07T17:01:00Z,2026-05-07T18:58:36Z,2026-05-08T15:49:17Z,2026-05-09T05:43:04Z,2026-05-07T21:01:00Z,2026-05-10T17:01:00Z,False,Met,Acquirer endpoint degradation with no failover to the secondary acquirer.,Manual,
03271993-a8e6-4cb1-ae86-dc70c89f915d,1089,MFA SMS codes not delivered,One-time passcodes sent by SMS are delayed or never delivered to users in brazilsouth.,identity,Sev2,Resolved,farah.khan,2,2026-05-08T04:48:00Z,2026-05-08T05:24:55Z,2026-05-08T07:47:26Z,2026-05-08T09:22:26Z,2026-05-08T05:48:00Z,2026-05-08T12:48:00Z,True,Breached,SMS provider throttled the sender after a traffic burst.,Alertmanager,21d456d70fcc1152
3c881435-f3ff-44ac-afcd-25ea85ef89a4,1090,Login failures with invalid token errors,Sign-in fails and sessions are dropped; token validation rejects valid tokens in westeurope.,identity,Sev2,Resolved,farah.khan,1,2026-05-08T15:37:00Z,2026-05-08T15:49:12Z,,2026-05-08T21:54:31Z,2026-05-08T16:07:00Z,2026-05-08T23:37:00Z,False,Met,Signing key rotation was not propagated to every validator.,Manual,
2a6b2d81-9106-4d88-b3f7-2fa5696ccd46,1091,Email delivery queue backlog,Outbound email queue depth is above 200; transactional emails are delayed.,notifications,Sev3,Resolved,alice.nguyen,1,2026-05-09T15:10:00Z,2026-05-09T17:10:06Z,2026-05-10T00:55:04Z,2026-05-10T06:05:02Z,2026-05-09T19:10:00Z,2026-05-12T15:10:00Z,False,Met,Queue consumer crash loop after a dependency upgrade.,AzureMonitor,41b41c1d6c74dad0
9e615ef1-242e-4f35-b84c-26e974fd2a4f,1092,Report export timeouts for large date ranges,CSV report exports time out for date ranges longer than 11 days.,reporting,Sev3,Resolved,farah.khan,1,2026-05-10T12:45:00Z,2026-05-10T15:11:11Z,2026-05-10T20:04:06Z,2026-05-10T23:19:23Z,2026-05-10T16:45:00Z,2026-05-13T12:45:00Z,False,Met,Unbounded query without pagination.,Manual,
5ae2fa3e-647d-40ad-b3cb-5564c2ac8f3d,1093,MFA SMS codes not delivered,One-time passcodes sent by SMS are delayed or never delivered to users in eastus2.,identity,Sev2,Resolved,farah.khan,1,2026-05-10T13:20:00Z,2026-05-10T13:42:53Z,2026-05-10T15:17:19Z,2026-05-10T16:20:17Z,2026-05-10T13:50:00Z,2026-05-10T21:20:00Z,False,Met,SMS provider throttled the sender after a traffic burst.,Manual,
aecfbec8-f43b-49e0-9c60-8e5f58d37052,1094,Email delivery queue backlog,Outbound email queue depth is above 5000; transactional emails are delayed.,notifications,Sev3,Resolved,farah.khan,1,2026-05-10T17:23:00Z,2026-05-10T18:58:05Z,2026-05-14T17:08:24Z,2026-05-17T07:55:16Z,2026-05-10T21:23:00Z,2026-05-13T17:23:00Z,False,Breached,Queue consumer crash loop after a dependency upgrade.,Alertmanager,bc0c474cb8a43547
87961e9b-a986-499d-a7f8-b059c919a461,1095,Promo code validation rejecting valid codes,Valid campaign promo codes are rejected as invalid at checkout.,checkout,Sev2,Resolved,alice.nguyen,1,2026-05-11T02:53:00Z,2026-05-11T02:58:23Z,2026-05-11T03:18:47Z,2026-05-11T03:32:23Z,2026-05-11T03:23:00Z,2026-05-11T10:53:00Z,False,Met,Stale promotion cache after a campaign update.,AzureMonitor,c3d1bf3c8082ab99
b7436f16-f5e5-4a3e-b404-f26b374df592,1096,Nightly reporting ETL job failed,The nightly ETL job failed and dashboards show the previous day's data.,reporting,Sev4,Resolved,farah.khan,1,2026-05-11T09:23:00Z,2026-05-11T22:15:02Z,2026-05-12T23:33:24Z,2026-05-13T16:25:39Z,2026-05-12T09:23:00Z,2026-05-21T09:23:00Z,False,Met,Upstream schema change in the orders export.,Alertmanager,7203d289d38b920f
45bd7be3-6c6a-48da-adb2-d5e52ff615d5,1097,Card authorization timeouts with acquirer,Authorization requests to the acquirer time out after 30 seconds; payment success rate dropped to 87%.,payments-gateway,Sev2,Resolved,alice.nguyen,1,2026-05-12T10:05:00Z,2026-05-12T10:10:07Z,,2026-05-12T11:25:59Z,2026-05-12T10:35:00Z,2026-05-12T18:05:00Z,False,Met,Acquirer endpoint degradation with no failover to the secondary acquirer.,Alertmanager,9f78126944e242cd
852daa9b-5644-493f-a44c-4490cb9fa9b5,1098,SLA watchdog function failures,The SLA check function fails on 78% of executions in brazilsouth.,platform,Sev3,Resolved,alice.nguyen,1,2026-05-12T21:05:00Z,2026-05-12T22:06:42Z,2026-05-13T02:50:37Z,2026-05-13T05:59:54Z,2026-05-13T01:05:00Z,2026-05-15T21:05:00Z,False,Met,Managed identity lost its role assignment on the Service Bus namespace.,Alertmanager,6065518b82f2afef
8bd044cb-d27f-4370-b9ee-37a5a8ca1036,1099,Checkout API p99 latency above 1200ms,Cart and order placement requests are slow in eastus2; p99 latency stayed above 1200ms for more than ten minutes.,checkout,Sev3,Resolved,alice.nguyen,2,2026-05-13T01:46:00Z,2026-05-13T09:41:08Z,,2026-05-14T03:22:38Z,2026-05-13T09:46:00Z,2026-05-16T01:46:00Z,True,Breached,Slow query on the orders table after an index was dropped.,Manual,
07ae9fdb-6f48-4915-a93b-91be5eb4f382,1100,Promo code validation rejecting valid codes,Valid campaign promo codes are rejected as invalid at checkout.,checkout,Sev3,Resolved,alice.nguyen,3,2026-05-13T14:57:00Z,2026-05-14T03:17:02Z,2026-05-14T09:58:06Z,2026-05-14T14:25:28Z,2026-05-14T02:57:00Z,2026-05-16T14:57:00Z,True,Breached,Stale promotion cache after a campaign update.,Manual,
f3826567-12be-4016-bb79-4c503c2caa3f,1101,Database connection pool exhausted on search,Requests fail with connection pool timeout errors; active connections are pinned at the maximum of 500.,search,Sev2,Resolved,bruno.costa,1,2026-05-13T15:17:00Z,2026-05-13T15:27:11Z,,2026-05-13T19:47:48Z,2026-05-13T15:47:00Z,2026-05-13T23:17:00Z,False,Met,Connection leak in an error path that skipped disposing the connection.,Alertmanager,cc29ea6c15643fca
f456f75a-7d11-467d-8aa6-ea7fdc6057b4,1102,Search cluster high CPU and slow queries,Search query latency is above 2000ms with cluster CPU at 95% on data nodes.,search,Sev3,Resolved,bruno.costa,1,2026-05-13T19:42:00Z,2026-05-13T21:03:26Z,,2026-05-14T13:53:27Z,2026-05-13T23:42:00Z,2026-05-16T19:42:00Z,False,Met,Expensive wildcard queries introduced by a new filter.,Alertmanager,62e51ecf71ab0dc2
d0691787-62e6-4c20-8403-2ded46575859,1103,Database connection pool exhausted on notifications,Requests fail with connection pool timeout errors; active connections are pinned at the maximum of 100.,notifications,Sev1,Resolved,alice.nguyen,2,2026-05-14T01:19:00Z,2026-05-14T01:45:10Z,2026-05-14T02:09:56Z,2026-05-14T02:26:26Z,2026-05-14T01:49:00Z,2026-05-14T05:19:00Z,True,Breached,Connection leak in an error path that skipped disposing the connection.,Manual,
c5a40ea5-fae1-4f6a-9ce3-ef03d27c0346,1104,MFA SMS codes not delivered,One-time passcodes sent by SMS are delayed or never delivered to users in eastus2.,identity,Sev2,Resolved,bruno.costa,1,2026-05-14T05:19:00Z,2026-05-14T05:32:23Z,2026-05-14T06:58:13Z,2026-05-14T07:55:26Z,2026-05-14T05:49:00Z,2026-05-14T13:19:00Z,False,Met,SMS provider throttled the sender after a traffic burst.,Manual,
e2b87141-d4c1-44cc-95ca-d6ef01775891,1105,Duplicate charges reported by customers,Customers report being charged twice; the idempotency key is not honored on retried authorizations.,payments-gateway,Sev2,Resolved,bruno.costa,2,2026-05-14T07:48:00Z,2026-05-14T08:20:58Z,2026-05-14T10:51:24Z,2026-05-14T12:31:42Z,2026-05-14T08:48:00Z,2026-05-14T15:48:00Z,True,Breached,Client retry policy bypassed the idempotency key.,Manual,
fc8ad36a-815c-44a0-b4b3-621bfbf6d089,1106,Email delivery queue backlog,Outbound email queue depth is above 1000; transactional emails are delayed.,notifications,Sev3,Resolved,bruno.costa,1,2026-05-14T08:51:00Z,2026-05-14T10:23:49Z,2026-05-15T05:16:52Z,2026-05-15T17:52:14Z,2026-05-14T12:51:00Z,2026-05-17T08:51:00Z,False,Met,Queue consumer crash loop after a dependency upgrade.,Alertmanager,baf25d8cd93312b9
f3641749-1bb5-414a-ac53-2a14d5399a70,1107,Error rate spike after deployment of platform,Error rate rose to 79% minutes after a release in westeurope; the release was rolled back.,platform,Sev2,Resolved,alice.nguyen,1,2026-05-14T09:26:00Z,2026-05-14T09:30:33Z,2026-05-14T09:52:13Z,2026-05-14T10:06:39Z,2026-05-14T09:56:00Z,2026-05-14T17:26:00Z,False,Met,Regression shipped without canary analysis.,Alertmanager,26b154fc4da2390a
78c5c35f-fb43-49bb-8f9c-38a3ce5398b4,1108,Nightly reporting ETL job failed,The nightly ETL job failed and dashboards show the previous day's data.,reporting,Sev3,Resolved,alice.nguyen,2,2026-05-15T06:06:00Z,2026-05-15T10:27:04Z,2026-05-15T22:46:21Z,2026-05-16T06:59:13Z,2026-05-15T14:06:00Z,2026-05-18T06:06:00Z,True,Breached,Upstream schema change in the orders export.,Manual,
ac880425-f761-4270-88da-0fac026accb4,1109,MFA SMS codes not delivered,One-time passcodes sent by SMS are delayed or never delivered to users in westeurope.,identity,Sev3,Resolved,bruno.costa,1,2026-05-15T22:50:00Z,2026-05-16T01:43:23Z,2026-05-17T03:26:39Z,2026-05-17T20:35:29Z,2026-05-16T02:50:00Z,2026-05-18T22:50:00Z,False,Met,SMS provider throttled the sender after a traffic burst.,Manual,
b94d582a-85b3-4f9e-8942-52ab63169077,1110,Push notifications failing for Android devices,Android push notifications fail with invalid credentials from the push provider.,notifications,Sev2,Resolved,alice.nguyen,1,2026-05-16T12:48:00Z,2026-05-16T13:14:58Z,,2026-05-16T20:43:14Z,2026-05-16T13:18:00Z,2026-05-16T20:48:00Z,False,Met,Push provider credentials expired.,Manual,
c716645b-6f9c-4cb7-8c31-e585132d23ea,1111,Login failures with invalid token errors,Sign-in fails and sessions are dropped; token validation rejects valid tokens in eastus2.,identity,Sev1,Resolved,alice.nguyen,1,2026-05-16T16:18:00Z,2026-05-16T16:19:30Z,2026-05-16T16:56:58Z,2026-05-16T17:21:57Z,2026-05-16T16:33:00Z,2026-05-16T20:18:00Z,False,Met,Signing key rotation was not propagated to every validator.,Alertmanager,c627fde06e2db076
9d3dbb7b-375d-4f84-8d9e-4db6e155ee85,1112,Order placement failing with HTTP 500,Customers cannot place orders; POST /orders returns HTTP 500 in westeurope.,checkout,Sev1,Resolved,alice.nguyen,1,2026-05-16T17:01:00Z,2026-05-16T17:02:51Z,,2026-05-16T17:35:20Z,2026-05-16T17:16:00Z,2026-05-16T21:01:00Z,False,Met,Null reference in promotion rules after a configuration change.,Manual,
483cd31a-0292-465f-9117-7d811a7122ab,1113,Order placement failing with HTTP 500,Customers cannot place orders; POST /orders returns HTTP 500 in brazilsouth.,checkout,Sev2,Resolved,alice.nguyen,1,2026-05-17T01:26:00Z,2026-05-17T01:34:14Z,2026-05-17T03:59:09Z,2026-05-17T05:35:46Z,2026-05-17T01:56:00Z,2026-05-17T09:26:00Z,False,Met,Null reference in promotion rules after a configuration change.,Alertmanager,57c97a75018098e1
df18b5eb-b34a-4b8b-9f14-1a634bfb13a9,1114,Database connection pool exhausted on checkout,Requests fail with connection pool timeout errors; active connections are pinned at the maximum of 500.,checkout,Sev2,Resolved,alice.nguyen,1,2026-05-17T05:16:00Z,2026-05-17T05:37:20Z,2026-05-17T10:42:49Z,2026-05-17T14:06:29Z,2026-05-17T05:46:00Z,2026-05-17T13:16:00Z,False,Breached,Connection leak in an error path that skipped disposing the connection.,AzureMonitor,7d81407d4c2fc437
469b5e18-7fa4-41e8-93f3-efa63bad0b88,1115,MFA SMS codes not delivered,One-time passcodes sent by SMS are delayed or never delivered to users in eastus2.,identity,Sev2,Resolved,alice.nguyen,1,2026-05-18T12:04:00Z,2026-05-18T12:18:04Z,2026-05-18T13:08:15Z,2026-05-18T13:41:43Z,2026-05-18T12:34:00Z,2026-05-18T20:04:00Z,False,Met,SMS provider throttled the sender after a traffic burst.,Manual,
516265ed-4243-472f-add7-e2d155d9dd30,1116,Email delivery queue backlog,Outbound email queue depth is above 200; transactional emails are delayed.,notifications,Sev3,Resolved,alice.nguyen,1,2026-05-18T13:27:00Z,2026-05-18T14:44:48Z,2026-05-18T16:35:49Z,2026-05-18T17:49:49Z,2026-05-18T17:27:00Z,2026-05-21T13:27:00Z,False,Met,Queue consumer crash loop after a dependency upgrade.,Alertmanager,20f5d4d4ab3f852d
906339c0-12cb-44b7-b8e4-a11caffba511,1117,MFA SMS codes not delivered,One-time passcodes sent by SMS are delayed or never delivered to users in eastus2.,identity,Sev2,Resolved,bruno.costa,1,2026-05-19T01:27:00Z,2026-05-19T01:32:52Z,2026-05-19T03:14:36Z,2026-05-19T04:22:26Z,2026-05-19T01:57:00Z,2026-05-19T09:27:00Z,False,Met,SMS provider throttled the sender after a traffic burst.,Manual,
89e792ee-1120-4958-a1af-fc5564c22117,1118,Dead-lettered messages on incident-events topic,Dead-lettered message count on the incident-events topic is above 5000.,platform,Sev4,Resolved,bruno.costa,3,2026-05-19T11:17:00Z,2026-05-21T22:18:44Z,2026-05-24T17:14:04Z,2026-05-26T13:50:57Z,2026-05-22T11:17:00Z,2026-05-29T11:17:00Z,True,Breached,Consumer rejected messages carrying an outdated schema version.,Manual,
9bfbd5e8-07ad-450e-88be-12a7018caf23,1119,Checkout API p99 latency above 800ms,Cart and order placement requests are slow in brazilsouth; p99 latency stayed above 800ms for more than ten minutes.,checkout,Sev2,Resolved,bruno.costa,1,2026-05-19T20:30:00Z,2026-05-19T20:32:47Z,2026-05-19T22:44:24Z,2026-05-20T00:12:09Z,2026-05-19T21:00:00Z,2026-05-20T04:30:00Z,False,Met,Slow query on the orders table after an index was dropped.,Alertmanager,b5d7acf7c961dda6
abd09078-273a-4bff-9aa5-a0e18a7cc8fa,1120,Email delivery queue backlog,Outbound email queue depth is above 100; transactional emails are delayed.,notifications,Sev3,Resolved,bruno.costa,1,2026-05-19T20:39:00Z,2026-05-19T20:59:11Z,2026-05-19T22:49:38Z,2026-05-20T00:03:16Z,2026-05-20T00:39:00Z,2026-05-22T20:39:00Z,False,Met,Queue consumer crash loop after a dependency upgrade.,Alertmanager,33c64ab82278a714
920ceff1-0403-44da-acf8-bc69deadb03d,1121,Email delivery queue backlog,Outbound email queue depth is above 200; transactional emails are delayed.,notifications,Sev2,Resolved,bruno.costa,1,2026-05-20T07:02:00Z,2026-05-20T07:04:06Z,2026-05-20T22:15:22Z,2026-05-21T08:22:52Z,2026-05-20T07:32:00Z,2026-05-20T15:02:00Z,False,Breached,Queue consumer crash loop after a dependency upgrade.,Alertmanager,f39118916bbf232f
9b26d140-e604-4b8c-aafe-04a637e72740,1122,Database connection pool exhausted on identity,Requests fail with connection pool timeout errors; active connections are pinned at the maximum of 500.,identity,Sev2,Resolved,bruno.costa,1,2026-05-20T22:25:00Z,2026-05-20T22:30:00Z,2026-05-21T00:33:01Z,2026-05-21T01:55:02Z,2026-05-20T22:55:00Z,2026-05-21T06:25:00Z,False,Met,Connection leak in an error path that skipped disposing the connection.,Alertmanager,4468a5f6bcfb7516
14c09db2-6139-45a9-b05e-0f9ac34fe37a,1123,Report export timeouts for large date ranges,CSV report exports time out for date ranges longer than 20 days.,reporting,Sev3,Resolved,bruno.costa,1,2026-05-22T02:39:00Z,2026-05-22T03:45:52Z,,2026-05-22T13:30:15Z,2026-05-22T06:39:00Z,2026-05-25T02:39:00Z,False,Met,Unbounded query without pagination.,Manual,
ff3b31e5-c571-4071-bb45-3784b569e5c0,1124,Card authorization timeouts with acquirer,Authorization requests to the acquirer time out after 30 seconds; payment success rate dropped to 66%.,payments-gateway,Sev2,Resolved,carla.mendes,1,2026-05-23T12:42:00Z,2026-05-23T12:48:51Z,2026-05-23T13:36:16Z,2026-05-23T14:07:53Z,2026-05-23T13:12:00Z,2026-05-23T20:42:00Z,False,Met,Acquirer endpoint degradation with no failover to the secondary acquirer.,Alertmanager,a9a91cac75e0b5ec
c7449ba7-768d-44d4-95ae-1451692283d9,1125,Order placement failing with HTTP 500,Customers cannot place orders; POST /orders returns HTTP 500 in eastus2.,checkout,Sev1,Resolved,bruno.costa,1,2026-05-24T11:52:00Z,2026-05-24T11:56:36Z,,2026-05-24T12:10:27Z,2026-05-24T12:07:00Z,2026-05-24T15:52:00Z,False,Met,Null reference in promotion rules after a configuration change.,Alertmanager,1719884f735913f4
f994b9bc-4099-49b1-9f41-06d10aa3fbe8,1126,TLS certificate expiring on search endpoint,The public certificate for search expires in 10 days and automated renewal did not run.,search,Sev4,Resolved,bruno.costa,1,2026-05-24T22:23:00Z,2026-05-25T01:11:45Z,2026-05-26T06:05:35Z,2026-05-27T01:21:28Z,2026-05-25T22:23:00Z,2026-06-03T22:23:00Z,False,Met,Certificate renewal job was disabled during a pipeline migration.,AzureMonitor,d014eec4d0549264
37059aee-41a5-4073-8bdb-d92a8ca7955e,1127,Push notifications failing for Android devices,Android push notifications fail with invalid credentials from the push provider.,notifications,Sev3,Resolved,bruno.costa,2,2026-05-25T06:44:00Z,2026-05-25T11:09:12Z,2026-05-26T07:27:17Z,2026-05-26T20:59:20Z,2026-05-25T14:44:00Z,2026-05-28T06:44:00Z,True,Breached,Push provider credentials expired.,Manual,
564c357a-13f0-4719-8547-e4be08c8cac3,1128,Push notifications failing for Android devices,Android push notifications fail with invalid credentials from the push provider.,notifications,Sev3,Resolved,carla.mendes,1,2026-05-26T13:09:00Z,2026-05-26T15:59:21Z,2026-05-26T21:57:02Z,2026-05-27T01:55:30Z,2026-05-26T17:09:00Z,2026-05-29T13:09:00Z,False,Met,Push provider credentials expired.,Manual,
9f077270-15ff-498f-aca6-8a7871594b4e,1129,Payment webhook delivery backlog,Payment status webhooks are queued and delayed by 42 minutes.,payments-gateway,Sev3,Resolved,carla.mendes,1,2026-05-26T23:14:00Z,2026-05-27T00:46:05Z,2026-05-31T18:10:24Z,2026-06-03T21:46:36Z,2026-05-27T03:14:00Z,2026-05-29T23:14:00Z,False,Breached,Webhook consumer scaled to zero after an autoscaling rule change.,Alertmanager,03bce2acd3997118
676af056-0c4d-42c4-a8f2-7151d67e9344,1130,Promo code validation rejecting valid codes,Valid campaign promo codes are rejected as invalid at checkout.,checkout,Sev3,Resolved,carla.mendes,1,2026-05-28T02:58:00Z,2026-05-28T05:31:57Z,2026-05-28T19:11:23Z,2026-05-29T04:17:41Z,2026-05-28T06:58:00Z,2026-05-31T02:58:00Z,False,Met,Stale promotion cache after a campaign update.,Manual,
0000780a-2126-4e84-9622-42ce0ea9b17a,1131,Dead-lettered messages on incident-events topic,Dead-lettered message count on the incident-events topic is above 1000.,platform,Sev3,Resolved,carla.mendes,1,2026-05-28T22:10:00Z,2026-05-28T22:50:20Z,,2026-05-30T19:27:16Z,2026-05-29T02:10:00Z,2026-05-31T22:10:00Z,False,Met,Consumer rejected messages carrying an outdated schema version.,Alertmanager,0e242f84a12c9be8
70e139c2-49fb-42b5-85e9-0f2c6d8fb3cb,1132,Report export timeouts for large date ranges,CSV report exports time out for date ranges longer than 26 days.,reporting,Sev4,Resolved,carla.mendes,1,2026-05-29T01:14:00Z,2026-05-29T08:18:24Z,2026-05-31T03:24:37Z,2026-06-01T08:08:45Z,2026-05-30T01:14:00Z,2026-06-08T01:14:00Z,False,Met,Unbounded query without pagination.,Manual,
48b2d113-d5e2-496a-b40f-53fcc421ff3f,1133,MFA SMS codes not delivered,One-time passcodes sent by SMS are delayed or never delivered to users in eastus2.,identity,Sev2,Resolved,carla.mendes,1,2026-05-29T03:58:00Z,2026-05-29T04:15:26Z,2026-05-29T07:59:52Z,2026-05-29T10:29:30Z,2026-05-29T04:28:00Z,2026-05-29T11:58:00Z,False,Met,SMS provider throttled the sender after a traffic burst.,Manual,
9afe62a3-1029-4d47-ac45-c086c76229dc,1134,SLA watchdog function failures,The SLA check function fails on 51% of executions in brazilsouth.,platform,Sev3,Resolved,carla.mendes,1,2026-05-29T14:52:00Z,2026-05-29T15:57:54Z,2026-05-30T10:48:50Z,2026-05-30T23:22:48Z,2026-05-29T18:52:00Z,2026-06-01T14:52:00Z,False,Met,Managed identity lost its role assignment on the Service Bus namespace.,Alertmanager,230deb29ee7b85a3
5855d8b6-4e65-4fc9-87e3-ea206914398e,1135,Login failures with invalid token errors,Sign-in fails and sessions are dropped; token validation rejects valid tokens in eastus2.,identity,Sev2,Resolved,carla.mendes,1,2026-05-29T17:19:00Z,2026-05-29T17:26:47Z,,2026-05-30T03:27:36Z,2026-05-29T17:49:00Z,2026-05-30T01:19:00Z,False,Breached,Signing key rotation was not propagated to every validator.,Alertmanager,30e2858e16e060fc
24e631ea-ad4b-4822-a8f1-b32ad006d211,1136,Error rate spike after deployment of search,Error rate rose to 88% minutes after a release in westeurope; the release was rolled back.,search,Sev3,Resolved,carla.mendes,1,2026-05-30T03:50:00Z,2026-05-30T05:00:44Z,2026-05-30T12:15:07Z,2026-05-30T17:04:42Z,2026-05-30T07:50:00Z,2026-06-02T03:50:00Z,False,Met,Regression shipped without canary analysis.,AzureMonitor,2368683c4075ad14
0b1dabae-2e32-4e34-9bba-1212d52f65ce,1137,SLA watchdog function failures,The SLA check function fails on 73% of executions in eastus2.,platform,Sev3,Resolved,diego.ramos,1,2026-05-30T08:13:00Z,2026-05-30T09:59:37Z,2026-05-30T22:24:05Z,2026-05-31T06:40:24Z,2026-05-30T12:13:00Z,2026-06-02T08:13:00Z,False,Met,Managed identity lost its role assignment on the Service Bus namespace.,AzureMonitor,6b7ed717cc1e4b9d
3db4b642-3c59-4d1d-9e6b-568fbff94a91,1138,Database connection pool exhausted on notifications,Requests fail with connection pool timeout errors; active connections are pinned at the maximum of 100.,notifications,Sev2,Resolved,carla.mendes,1,2026-05-30T10:16:00Z,2026-05-30T10:30:53Z,2026-05-30T11:27:24Z,2026-05-30T12:05:05Z,2026-05-30T10:46:00Z,2026-05-30T18:16:00Z,False,Met,Connection leak in an error path that skipped disposing the connection.,AzureMonitor,7a4d25151801d2ad
530c94b6-df9e-4b9a-ad83-56e328542c2d,1139,Nightly reporting ETL job failed,The nightly ETL job failed and dashboards show the previous day's data.,reporting,Sev4,Resolved,carla.mendes,1,2026-05-30T16:22:00Z,2026-05-31T06:28:03Z,2026-06-02T05:01:10Z,2026-06-03T12:03:15Z,2026-05-31T16:22:00Z,2026-06-09T16:22:00Z,False,Met,Upstream schema change in the orders export.,AzureMonitor,815fec6845d77a41
16d32276-f5d3-4889-8b72-47a09130c2a7,1140,Payment webhook delivery backlog,Payment status webhooks are queued and delayed by 52 minutes.,payments-gateway,Sev2,Resolved,carla.mendes,2,2026-05-30T18:18:00Z,2026-05-30T19:15:17Z,2026-05-30T21:16:09Z,2026-05-30T22:36:43Z,2026-05-30T19:18:00Z,2026-05-31T02:18:00Z,True,Breached,Webhook consumer scaled to zero after an autoscaling rule change.,Manual,
49634346-8429-4b57-be75-ce47cc715b26,1141,Database connection pool exhausted on identity,Requests fail with connection pool timeout errors; active connections are pinned at the maximum of 1000.,identity,Sev2,Resolved,carla.mendes,2,2026-05-30T22:10:00Z,2026-05-30T23:04:10Z,,2026-05-31T01:35:29Z,2026-05-30T23:10:00Z,2026-05-31T06:10:00Z,True,Breached,Connection leak in an error path that skipped disposing the connection.,Alertmanager,76c24275cca6df87
4786506f-558a-4b48-8a6b-ba82228223d1,1142,Order placement failing with HTTP 500,Customers cannot place orders; POST /orders returns HTTP 500 in southeastasia.,checkout,Sev1,Resolved,carla.mendes,1,2026-05-31T09:54:00Z,2026-05-31T10:06:26Z,,2026-05-31T10:31:46Z,2026-05-31T10:09:00Z,2026-05-31T13:54:00Z,False,Met,Null reference in promotion rules after a configuration change.,Manual,
1867be17-3796-4b36-9184-81e0c8ddc40a,1143,Error rate spike after deployment of identity,Error rate rose to 46% minutes after a release in westeurope; the release was rolled back.,identity,Sev3,Resolved,carla.mendes,1,2026-05-31T10:20:00Z,2026-05-31T12:24:20Z,,2026-06-01T15:19:58Z,2026-05-31T14:20:00Z,2026-06-03T10:20:00Z,False,Met,Regression shipped without canary analysis.,Alertmanager,e42b7ef0681853db
334757ff-2b4a-4537-933c-2b94130c89fe,1144,Login failures with invalid token errors,Sign-in fails and sessions are dropped; token validation rejects valid tokens in eastus2.,identity,Sev1,Resolved,carla.mendes,1,2026-05-31T12:04:00Z,2026-05-31T12:05:15Z,2026-05-31T19:05:14Z,2026-05-31T23:45:14Z,2026-05-31T12:19:00Z,2026-05-31T16:04:00Z,False,Breached,Signing key rotation was not propagated to every validator.,AzureMonitor,5168763283a09715
eaf9ebd1-eef2-4678-9a5c-1540e892bfb6,1145,Push notifications failing for Android devices,Android push notifications fail with invalid credentials from the push provider.,notifications,Sev3,Resolved,carla.mendes,1,2026-05-31T19:19:00Z,2026-05-31T19:52:43Z,2026-06-01T15:23:23Z,2026-06-02T04:23:49Z,2026-05-31T23:19:00Z,2026-06-03T19:19:00Z,False,Met,Push provider credentials expired.,Alertmanager,9c2a5c51901ead59
015994c8-8d62-4ad1-8674-e947d19cc800,1146,Database connection pool exhausted on payments-gateway,Requests fail with connection pool timeout errors; active connections are pinned at the maximum of 200.,payments-gateway,Sev2,Resolved,carla.mendes,1,2026-05-31T22:47:00Z,2026-05-31T23:11:42Z,2026-06-01T00:25:41Z,2026-06-01T01:15:01Z,2026-05-31T23:17:00Z,2026-06-01T06:47:00Z,False,Met,Connection leak in an error path that skipped disposing the connection.,Alertmanager,e8cc9971a13e4cef
22f07652-0c96-4d0f-87d8-92043a75cfbd,1147,Email delivery queue backlog,Outbound email queue depth is above 5000; transactional emails are delayed.,notifications,Sev3,Resolved,carla.mendes,2,2026-06-01T01:37:00Z,2026-06-01T06:47:14Z,2026-06-02T07:25:30Z,2026-06-02T23:51:01Z,2026-06-01T09:37:00Z,2026-06-04T01:37:00Z,True,Breached,Queue consumer crash loop after a dependency upgrade.,AzureMonitor,e690033b22de9ceb
2511bdcb-3d9b-4282-9df2-2d95e3cdc4cf,1148,Promo code validation rejecting valid codes,Valid campaign promo codes are rejected as invalid at checkout.,checkout,Sev4,Resolved,erin.walsh,1,2026-06-02T00:34:00Z,2026-06-02T06:07:30Z,,2026-06-14T16:20:08Z,2026-06-03T00:34:00Z,2026-06-12T00:34:00Z,False,Breached,Stale promotion cache after a campaign update.,Manual,
65459c8e-39be-422e-afb4-f3ff513f7f11,1149,Login failures with invalid token errors,Sign-in fails and sessions are dropped; token validation rejects valid tokens in westeurope.,identity,Sev2,Resolved,diego.ramos,1,2026-06-02T08:15:00Z,2026-06-02T08:18:30Z,,2026-06-02T09:43:53Z,2026-06-02T08:45:00Z,2026-06-02T16:15:00Z,False,Met,Signing key rotation was not propagated to every validator.,AzureMonitor,39110f9660c24c0d
647e4de4-3734-43fa-8815-98fe05e0a4be,1150,Availability test failing for incidents API,The availability test on /health/ready fails from brazilsouth.,platform,Sev3,Resolved,erin.walsh,1,2026-06-03T02:31:00Z,2026-06-03T05:25:06Z,,2026-06-03T10:41:40Z,2026-06-03T06:31:00Z,2026-06-06T02:31:00Z,False,Met,New revision failed readiness after a configuration change.,AzureMonitor,3e04d962fc73af79
dcfafc6c-5484-4db9-952a-fbbae15afb31,1151,Database connection pool exhausted on identity,Requests fail with connection pool timeout errors; active connections are pinned at the maximum of 200.,identity,Sev2,Resolved,diego.ramos,1,2026-06-03T16:09:00Z,2026-06-03T16:21:15Z,2026-06-03T21:07:04Z,2026-06-04T00:17:36Z,2026-06-03T16:39:00Z,2026-06-04T00:09:00Z,False,Breached,Connection leak in an error path that skipped disposing the connection.,Alertmanager,ff44f13909a8b506
3fcbab25-54de-4d94-83f7-b98958cb7533,1152,Database connection pool exhausted on notifications,Requests fail with connection pool timeout errors; active connections are pinned at the maximum of 5000.,notifications,Sev2,Resolved,diego.ramos,2,2026-06-04T09:39:00Z,2026-06-04T10:10:58Z,,2026-06-04T10:28:04Z,2026-06-04T10:39:00Z,2026-06-04T17:39:00Z,True,Breached,Connection leak in an error path that skipped disposing the connection.,Alertmanager,f140984300a0d884
50f96982-4fe4-4804-a01d-da98e70eec45,1153,Checkout API p99 latency above 2000ms,Cart and order placement requests are slow in southeastasia; p99 latency stayed above 2000ms for more than ten minutes.,checkout,Sev3,Resolved,diego.ramos,1,2026-06-04T09:50:00Z,2026-06-04T13:38:07Z,2026-06-05T05:48:29Z,2026-06-05T16:35:23Z,2026-06-04T13:50:00Z,2026-06-07T09:50:00Z,False,Met,Slow query on the orders table after an index was dropped.,Alertmanager,2d31c0e7ad987598
131ea6a0-5110-4c41-8146-0bf1b8af75c6,1154,Login failures with invalid token errors,Sign-in fails and sessions are dropped; token validation rejects valid tokens in brazilsouth.,identity,Sev2,Resolved,diego.ramos,1,2026-06-05T01:02:00Z,2026-06-05T01:18:30Z,2026-06-05T03:25:50Z,2026-06-05T04:50:43Z,2026-06-05T01:32:00Z,2026-06-05T09:02:00Z,False,Met,Signing key rotation was not propagated to every validator.,Manual,
f92d1f8b-a199-4e2f-8248-a59104d55a23,1155,Search results stale after catalog update,Product search shows outdated prices and stock; index lag is 75 minutes.,search,Sev3,Resolved,diego.ramos,1,2026-06-05T09:14:00Z,2026-06-05T11:19:01Z,2026-06-05T20:35:59Z,2026-06-06T02:47:17Z,2026-06-05T13:14:00Z,2026-06-08T09:14:00Z,False,Met,Indexer stuck on a poison message.,Alertmanager,acc35849b813a307
c43db958-68cf-414d-87cc-0a75a574760a,1156,Payment webhook delivery backlog,Payment status webhooks are queued and delayed by 35 minutes.,payments-gateway,Sev4,Resolved,diego.ramos,1,2026-06-05T20:20:00Z,2026-06-05T21:47:44Z,2026-06-16T21:04:12Z,2026-06-24T04:35:10Z,2026-06-06T20:20:00Z,2026-06-15T20:20:00Z,False,Breached,Webhook consumer scaled to zero after an autoscaling rule change.,AzureMonitor,555441270ff5bee0
f5edd391-770c-42f9-a4cc-cb9aaa8945a7,1157,Search cluster high CPU and slow queries,Search query latency is above 1500ms with cluster CPU at 95% on data nodes.,search,Sev2,Resolved,diego.ramos,2,2026-06-06T07:52:00Z,2026-06-06T08:37:17Z,2026-06-06T10:10:59Z,2026-06-06T11:13:27Z,2026-06-06T08:52:00Z,2026-06-06T15:52:00Z,True,Breached,Expensive wildcard queries introduced by a new filter.,Manual,
eb72fa35-9293-47f8-a600-8daa7f5bc72c,1158,TLS certificate expiring on notifications endpoint,The public certificate for notifications expires in 11 days and automated renewal did not run.,notifications,Sev3,Resolved,diego.ramos,1,2026-06-06T07:59:00Z,2026-06-06T08:18:16Z,,2026-06-06T18:18:07Z,2026-06-06T11:59:00Z,2026-06-09T07:59:00Z,False,Met,Certificate renewal job was disabled during a pipeline migration.,Alertmanager,464ffb97c145602a
0099835e-bf40-4c89-b916-1ce69fc7e23c,1159,Search cluster high CPU and slow queries,Search query latency is above 800ms with cluster CPU at 95% on data nodes.,search,Sev2,Resolved,diego.ramos,1,2026-06-06T10:50:00Z,2026-06-06T11:03:28Z,2026-06-06T12:29:15Z,2026-06-06T13:26:27Z,2026-06-06T11:20:00Z,2026-06-06T18:50:00Z,False,Met,Expensive wildcard queries introduced by a new filter.,AzureMonitor,f6c77c6cccdd5af8
dd48dec3-03b6-4349-ae13-f2c3e4509b88,1160,Push notifications failing for Android devices,Android push notifications fail with invalid credentials from the push provider.,notifications,Sev3,Resolved,diego.ramos,1,2026-06-06T12:50:00Z,2026-06-06T14:16:17Z,,2026-06-06T21:55:22Z,2026-06-06T16:50:00Z,2026-06-09T12:50:00Z,False,Met,Push provider credentials expired.,Manual,
7e4a2f17-dd5f-43c5-8606-2b720375d304,1161,Error rate spike after deployment of payments-gateway,Error rate rose to 41% minutes after a release in southeastasia; the release was rolled back.,payments-gateway,Sev4,Resolved,diego.ramos,3,2026-06-07T20:01:00Z,2026-06-10T03:34:52Z,2026-06-12T14:58:20Z,2026-06-14T06:33:58Z,2026-06-10T20:01:00Z,2026-06-17T20:01:00Z,True,Breached,Regression shipped without canary analysis.,Manual,
b7862fc7-a4e4-4684-b5f5-f3dba10f9fe0,1162,Database connection pool exhausted on search,Requests fail with connection pool timeout errors; active connections are pinned at the maximum of 1000.,search,Sev2,Resolved,erin.walsh,1,2026-06-08T08:54:00Z,2026-06-08T08:59:55Z,2026-06-08T09:54:18Z,2026-06-08T10:30:34Z,2026-06-08T09:24:00Z,2026-06-08T16:54:00Z,False,Met,Connection leak in an error path that skipped disposing the connection.,Alertmanager,843458972b57401d
62b82169-ec7c-4cbb-91b6-cc074fa9d18e,1163,Search cluster high CPU and slow queries,Search query latency is above 1500ms with cluster CPU at 95% on data nodes.,search,Sev2,Resolved,erin.walsh,1,2026-06-08T19:53:00Z,2026-06-08T20:00:46Z,2026-06-08T20:46:58Z,2026-06-08T21:17:46Z,2026-06-08T20:23:00Z,2026-06-09T03:53:00Z,False,Met,Expensive wildcard queries introduced by a new filter.,Alertmanager,811f7bf7698b6fae
05623a6b-61aa-4ddd-a8d2-c5b344d73424,1164,Order placement failing with HTTP 500,Customers cannot place orders; POST /orders returns HTTP 500 in brazilsouth.,checkout,Sev2,Resolved,erin.walsh,1,2026-06-08T21:58:00Z,2026-06-08T22:00:34Z,2026-06-08T23:25:37Z,2026-06-09T00:22:19Z,2026-06-08T22:28:00Z,2026-06-09T05:58:00Z,False,Met,Null reference in promotion rules after a configuration change.,AzureMonitor,cff6c2eb6678750c
b37f1c38-a899-4b12-a96c-e5795937ebae,1165,Promo code validation rejecting valid codes,Valid campaign promo codes are rejected as invalid at checkout.,checkout,Sev3,Resolved,farah.khan,1,2026-06-09T01:17:00Z,2026-06-09T01:47:17Z,,2026-06-10T11:47:55Z,2026-06-09T05:17:00Z,2026-06-12T01:17:00Z,False,Met,Stale promotion cache after a campaign update.,AzureMonitor,fec22b79bddafdac
45b54ae0-a446-43d0-99e8-4719d8c30f29,1166,Database connection pool exhausted on identity,Requests fail with connection pool timeout errors; active connections are pinned at the maximum of 100.,identity,Sev3,Resolved,erin.walsh,1,2026-06-09T06:53:00Z,2026-06-09T07:14:28Z,,2026-06-10T19:33:40Z,2026-06-09T10:53:00Z,2026-06-12T06:53:00Z,False,Met,Connection leak in an error path that skipped disposing the connection.,AzureMonitor,614b7afb9e6849c1
5f85bf4e-4d93-45d2-b412-c0eaaae03d14,1167,Email delivery queue backlog,Outbound email queue depth is above 5000; transactional emails are delayed.,notifications,Sev3,Resolved,erin.walsh,1,2026-06-09T21:04:00Z,2026-06-09T23:00:54Z,2026-06-10T13:58:20Z,2026-06-10T23:56:37Z,2026-06-10T01:04:00Z,2026-06-12T21:04:00Z,False,Met,Queue consumer crash loop after a dependency upgrade.,AzureMonitor,44ad1e97cbde4813
2440302f-ca6c-40e2-971d-13da5895463c,1168,Availability test failing for incidents API,The availability test on /health/ready fails from eastus2.,platform,Sev3,Resolved,erin.walsh,1,2026-06-10T06:39:00Z,2026-06-10T09:01:27Z,,2026-06-11T20:47:53Z,2026-06-10T10:39:00Z,2026-06-13T06:39:00Z,False,Met,New revision failed readiness after a configuration change.,AzureMonitor,565396f8ad69d5ba
5539b456-4eb0-4aec-a1ef-bea4ce2a91fc,1169,Duplicate charges reported by customers,Customers report being charged twice; the idempotency key is not honored on retried authorizations.,payments-gateway,Sev2,Resolved,erin.walsh,3,2026-06-10T09:56:00Z,2026-06-10T11:16:24Z,2026-06-10T12:01:06Z,2026-06-10T12:30:54Z,2026-06-10T11:26:00Z,2026-06-10T17:56:00Z,True,Breached,Client retry policy bypassed the idempotency key.,Manual,
e7c3d012-f2fc-47ac-952b-a9b8db838e77,1170,Search results stale after catalog update,Product search shows outdated prices and stock; index lag is 105 minutes.,search,Sev3,Resolved,erin.walsh,2,2026-06-10T13:20:00Z,2026-06-10T19:10:40Z,2026-06-10T23:50:18Z,2026-06-11T02:56:43Z,2026-06-10T21:20:00Z,2026-06-13T13:20:00Z,True,Breached,Indexer stuck on a poison message.,Manual,
bc13a881-f431-491b-8c6d-60a23029739f,1171,Error rate spike after deployment of search,Error rate rose to 77% minutes after a release in brazilsouth; the release was rolled back.,search,Sev3,Resolved,erin.walsh,1,2026-06-10T23:40:00Z,2026-06-11T00:16:42Z,2026-06-11T16:41:35Z,2026-06-12T03:38:11Z,2026-06-11T03:40:00Z,2026-06-13T23:40:00Z,False,Met,Regression shipped without canary analysis.,Alertmanager,8e21b5de6639b754
9f5ee810-b895-43b0-96dc-f52b3a7d042d,1172,Push notifications failing for Android devices,Android push notifications fail with invalid credentials from the push provider.,notifications,Sev2,Resolved,erin.walsh,1,2026-06-11T04:32:00Z,2026-06-11T04:54:56Z,2026-06-11T05:29:33Z,2026-06-11T05:52:38Z,2026-06-11T05:02:00Z,2026-06-11T12:32:00Z,False,Met,Push provider credentials expired.,Alertmanager,e5e5128c51e35e33
5a036933-777c-4bd8-a3e4-ea8c54347acd,1173,TLS certificate expiring on search endpoint,The public certificate for search expires in 15 days and automated renewal did not run.,search,Sev2,Resolved,farah.khan,1,2026-06-11T06:12:00Z,2026-06-11T06:23:48Z,,2026-06-11T07:25:51Z,2026-06-11T06:42:00Z,2026-06-11T14:12:00Z,False,Met,Certificate renewal job was disabled during a pipeline migration.,Alertmanager,f06358ae35e1db1f
f3386168-a6c2-4b74-a3e4-cd29a8e94415,1174,Promo code validation rejecting valid codes,Valid campaign promo codes are rejected as invalid at checkout.,checkout,Sev4,Resolved,erin.walsh,1,2026-06-11T08:40:00Z,2026-06-11T23:35:39Z,2026-06-12T23:42:32Z,2026-06-13T15:47:08Z,2026-06-12T08:40:00Z,2026-06-21T08:40:00Z,False,Met,Stale promotion cache after a campaign update.,Manual,
feb5cf09-346a-421c-b9b0-ab68a000e421,1175,Payment webhook delivery backlog,Payment status webhooks are queued and delayed by 82 minutes.,payments-gateway,Sev3,Resolved,farah.khan,1,2026-06-11T21:27:00Z,2026-06-11T23:35:34Z,2026-06-12T07:24:09Z,2026-06-12T12:36:32Z,2026-06-12T01:27:00Z,2026-06-14T21:27:00Z,False,Met,Webhook consumer scaled to zero after an autoscaling rule change.,AzureMonitor,1871f6c9391be8df
5274d26b-c482-48db-861e-17c6ea1c85ba,1176,Card authorization timeouts with acquirer,Authorization requests to the acquirer time out after 30 seconds; payment success rate dropped to 41%.,payments-gateway,Sev1,Resolved,erin.walsh,1,2026-06-12T18:01:00Z,2026-06-12T18:08:31Z,,2026-06-13T00:16:46Z,2026-06-12T18:16:00Z,2026-06-12T22:01:00Z,False,Breached,Acquirer endpoint degradation with no failover to the secondary acquirer.,Manual,
0fc4617a-09d5-4dfa-b00a-f0fa17fbc171,1177,TLS certificate expiring on checkout endpoint,The public certificate for checkout expires in 23 days and automated renewal did not run.,checkout,Sev4,Resolved,erin.walsh,1,2026-06-12T21:17:00Z,2026-06-13T02:31:23Z,2026-06-17T10:10:35Z,2026-06-20T07:16:43Z,2026-06-13T21:17:00Z,2026-06-22T21:17:00Z,False,Met,Certificate renewal job was disabled during a pipeline migration.,AzureMonitor,07e3eee002a9a35f
9a3f876f-53d3-43e6-8fda-94706d452291,1178,Search results stale after catalog update,Product search shows outdated prices and stock; index lag is 37 minutes.,search,Sev2,Resolved,erin.walsh,1,2026-06-13T08:42:00Z,2026-06-13T08:53:10Z,2026-06-13T10:10:38Z,2026-06-13T11:02:16Z,2026-06-13T09:12:00Z,2026-06-13T16:42:00Z,False,Met,Indexer stuck on a poison message.,Alertmanager,e686a4d9e7984258
33f5cbb5-2516-45cd-9f24-1a401c7d6042,1179,Error rate spike after deployment of notifications,Error rate rose to 78% minutes after a release in southeastasia; the release was rolled back.,notifications,Sev2,Resolved,erin.walsh,1,2026-06-13T10:34:00Z,2026-06-13T10:48:52Z,2026-06-13T12:19:42Z,2026-06-13T13:20:15Z,2026-06-13T11:04:00Z,2026-06-13T18:34:00Z,False,Met,Regression shipped without canary analysis.,Alertmanager,7c0527c612b5f768
10d8d54a-743f-4aa3-96bc-bb96ef639d35,1180,Card authorization timeouts with acquirer,Authorization requests to the acquirer time out after 30 seconds; payment success rate dropped to 49%.,payments-gateway,Sev2,Resolved,erin.walsh,1,2026-06-13T17:53:00Z,2026-06-13T17:53:43Z,,2026-06-13T19:01:51Z,2026-06-13T18:23:00Z,2026-06-14T01:53:00Z,False,Met,Acquirer endpoint degradation with no failover to the secondary acquirer.,AzureMonitor,93ee6d742a9f75c7
5f0d8707-a434-465d-bfe9-d0310c93877b,1181,Search cluster high CPU and slow queries,Search query latency is above 800ms with cluster CPU at 95% on data nodes.,search,Sev1,Resolved,erin.walsh,1,2026-06-13T20:20:00Z,2026-06-13T20:21:47Z,,2026-06-13T20:39:01Z,2026-06-13T20:35:00Z,2026-06-14T00:20:00Z,False,Met,Expensive wildcard queries introduced by a new filter.,Alertmanager,5fad5136f9047e8b
2d0e2cad-f7cf-4145-a539-8b893337a8a8,1182,Order placement failing with HTTP 500,Customers cannot place orders; POST /orders returns HTTP 500 in westeurope.,checkout,Sev1,Resolved,erin.walsh,1,2026-06-13T23:03:00Z,2026-06-13T23:12:57Z,2026-06-14T00:02:30Z,2026-06-14T00:35:32Z,2026-06-13T23:18:00Z,2026-06-14T03:03:00Z,False,Met,Null reference in promotion rules after a configuration change.,AzureMonitor,6aa0d0bcb157df36
e5c7d477-97b3-4814-9e85-e7c086029246,1183,Push notifications failing for Android devices,Android push notifications fail with invalid credentials from the push provider.,notifications,Sev3,Resolved,erin.walsh,1,2026-06-14T00:30:00Z,2026-06-14T03:00:28Z,2026-06-14T17:01:45Z,2026-06-15T02:22:36Z,2026-06-14T04:30:00Z,2026-06-17T00:30:00Z,False,Met,Push provider credentials expired.,Manual,
3e9fac59-6568-4723-ac8d-0c231cc33eaf,1184,Push notifications failing for Android devices,Android push notifications fail with invalid credentials from the push provider.,notifications,Sev4,Resolved,erin.walsh,2,2026-06-14T05:35:00Z,2026-06-15T10:52:33Z,,2026-06-26T18:34:48Z,2026-06-16T05:35:00Z,2026-06-24T05:35:00Z,True,Breached,Push provider credentials expired.,Manual,
57591291-7d88-456f-ab4d-622802206f35,1185,Search results stale after catalog update,Product search shows outdated prices and stock; index lag is 102 minutes.,search,Sev4,Resolved,farah.khan,1,2026-06-14T07:19:00Z,2026-06-14T17:28:17Z,2026-06-19T00:54:49Z,2026-06-21T21:52:30Z,2026-06-15T07:19:00Z,2026-06-24T07:19:00Z,False,Met,Indexer stuck on a poison message.,Alertmanager,3515fd50ccf06e76
14703863-e3e1-4bf0-9696-e1a84141936d,1186,Email delivery queue backlog,Outbound email queue depth is above 5000; transactional emails are delayed.,notifications,Sev3,Resolved,farah.khan,1,2026-06-14T15:01:00Z,2026-06-14T15:43:14Z,2026-06-16T08:40:30Z,2026-06-17T11:58:41Z,2026-06-14T19:01:00Z,2026-06-17T15:01:00Z,False,Met,Queue consumer crash loop after a dependency upgrade.,AzureMonitor,5058b338dcf9823c
8a83944b-d88d-4466-ae53-98d6c603ce2d,1187,Login failures with invalid token errors,Sign-in fails and sessions are dropped; token validation rejects valid tokens in westeurope.,identity,Sev2,Resolved,erin.walsh,1,2026-06-15T02:46:00Z,2026-06-15T02:56:37Z,2026-06-15T03:16:20Z,2026-06-15T03:29:29Z,2026-06-15T03:16:00Z,2026-06-15T10:46:00Z,False,Met,Signing key rotation was not propagated to every validator.,Manual,
a52a0c67-71c1-4002-b361-8ad136037b1f,1188,Checkout API p99 latency above 1200ms,Cart and order placement requests are slow in eastus2; p99 latency stayed above 1200ms for more than ten minutes.,checkout,Sev3,Resolved,erin.walsh,1,2026-06-15T08:47:00Z,2026-06-15T09:19:32Z,,2026-06-16T00:13:49Z,2026-06-15T12:47:00Z,2026-06-18T08:47:00Z,False,Met,Slow query on the orders table after an index was dropped.,AzureMonitor,8c47ef033c7e01e1
713172bf-8837-42c6-bf2e-e6085dd3a133,1189,Promo code validation rejecting valid codes,Valid campaign promo codes are rejected as invalid at checkout.,checkout,Sev3,Resolved,erin.walsh,2,2026-06-15T10:54:00Z,2026-06-15T16:58:48Z,2026-06-16T04:18:02Z,2026-06-16T11:50:52Z,2026-06-15T18:54:00Z,2026-06-18T10:54:00Z,True,Breached,Stale promotion cache after a campaign update.,Manual,
2551af1f-1134-4fe2-80dd-c648bd0d7d45,1190,Email delivery queue backlog,Outbound email queue depth is above 5000; transactional emails are delayed.,notifications,Sev2,Resolved,farah.khan,1,2026-06-16T03:44:00Z,2026-06-16T04:04:14Z,2026-06-16T07:33:48Z,2026-06-16T09:53:31Z,2026-06-16T04:14:00Z,2026-06-16T11:44:00Z,False,Met,Queue consumer crash loop after a dependency upgrade.,Alertmanager,e86c09dc55c986a9
3fac57b5-98c1-4184-b908-be4a5771ee8d,1191,Checkout API p99 latency above 1200ms,Cart and order placement requests are slow in brazilsouth; p99 latency stayed above 1200ms for more than ten minutes.,checkout,Sev2,Resolved,farah.khan,1,2026-06-16T05:59:00Z,2026-06-16T06:18:38Z,2026-06-16T08:24:54Z,2026-06-16T09:49:05Z,2026-06-16T06:29:00Z,2026-06-16T13:59:00Z,False,Met,Slow query on the orders table after an index was dropped.,Alertmanager,53151e93e2ba30ae
f5a0b01b-2909-4eb1-a10e-c2d7c55ad264,1192,Checkout API p99 latency above 3000ms,Cart and order placement requests are slow in brazilsouth; p99 latency stayed above 3000ms for more than ten minutes.,checkout,Sev2,Resolved,farah.khan,2,2026-06-16T22:31:00Z,2026-06-16T23:09:12Z,2026-06-17T04:07:32Z,2026-06-17T07:26:26Z,2026-06-16T23:31:00Z,2026-06-17T06:31:00Z,True,Breached,Slow query on the orders table after an index was dropped.,Alertmanager,d9d4a2520a269b39
540a49b6-9c40-437f-b245-f0a1b7a6da49,1193,Checkout API p99 latency above 1500ms,Cart and order placement requests are slow in southeastasia; p99 latency stayed above 1500ms for more than ten minutes.,checkout,Sev2,Resolved,farah.khan,1,2026-06-17T02:32:00Z,2026-06-17T02:49:08Z,2026-06-17T03:36:02Z,2026-06-17T04:07:18Z,2026-06-17T03:02:00Z,2026-06-17T10:32:00Z,False,Met,Slow query on the orders table after an index was dropped.,Alertmanager,e76c54e242b3dde0
30451e0a-dc2e-4c63-8da0-f2e8efc0f0f0,1194,Promo code validation rejecting valid codes,Valid campaign promo codes are rejected as invalid at checkout.,checkout,Sev3,Resolved,farah.khan,1,2026-06-17T02:50:00Z,2026-06-17T05:03:25Z,2026-06-20T22:59:35Z,2026-06-23T10:57:01Z,2026-06-17T06:50:00Z,2026-06-20T02:50:00Z,False,Breached,Stale promotion cache after a campaign update.,Manual,
52a03aa9-821b-4179-904f-a7306bee6257,1195,Checkout API p99 latency above 800ms,Cart and order placement requests are slow in brazilsouth; p99 latency stayed above 800ms for more than ten minutes.,checkout,Sev3,Resolved,farah.khan,1,2026-06-18T09:28:00Z,2026-06-18T10:16:08Z,2026-06-18T20:34:23Z,2026-06-19T03:26:33Z,2026-06-18T13:28:00Z,2026-06-21T09:28:00Z,False,Met,Slow query on the orders table after an index was dropped.,AzureMonitor,d57203a8de5a267c
de1696e0-c5a9-4fb9-b227-a2fbf104b5a1,1196,Error rate spike after deployment of payments-gateway,Error rate rose to 72% minutes after a release in westeurope; the release was rolled back.,payments-gateway,Sev3,Resolved,farah.khan,1,2026-06-18T13:40:00Z,2026-06-18T14:56:29Z,2026-06-19T01:37:03Z,2026-06-19T08:44:05Z,2026-06-18T17:40:00Z,2026-06-21T13:40:00Z,False,Met,Regression shipped without canary analysis.,Alertmanager,88e50e666958bcdb
d9b78394-e3d4-413a-ad91-d648b3f9e7bd,1197,Promo code validation rejecting valid codes,Valid campaign promo codes are rejected as invalid at checkout.,checkout,Sev4,Resolved,farah.khan,1,2026-06-18T17:08:00Z,2026-06-18T21:22:59Z,2026-06-23T01:05:34Z,2026-06-25T19:33:57Z,2026-06-19T17:08:00Z,2026-06-28T17:08:00Z,False,Met,Stale promotion cache after a campaign update.,AzureMonitor,5b4fbbe0b63d0bfb
8c452792-15e9-423e-9b89-12366c14543c,1198,Payment webhook delivery backlog,Payment status webhooks are queued and delayed by 27 minutes.,payments-gateway,Sev4,Resolved,alice.nguyen,1,2026-06-19T08:06:00Z,2026-06-19T09:16:28Z,,2026-06-20T18:52:40Z,2026-06-20T08:06:00Z,2026-06-29T08:06:00Z,False,Met,Webhook consumer scaled to zero after an autoscaling rule change.,Alertmanager,28720203cfc8d55e
959a500f-84eb-4077-91d7-498374d65135,1199,Search cluster high CPU and slow queries,Search query latency is above 3000ms with cluster CPU at 95% on data nodes.,search,Sev3,Resolved,farah.khan,1,2026-06-19T13:16:00Z,2026-06-19T14:29:37Z,2026-06-20T01:48:59Z,2026-06-20T09:21:53Z,2026-06-19T17:16:00Z,2026-06-22T13:16:00Z,False,Met,Expensive wildcard queries introduced by a new filter.,Alertmanager,9719514d5e36fce9
2c63d333-ca98-4deb-ac9e-574014ba641a,1200,Payment webhook delivery backlog,Payment status webhooks are queued and delayed by 79 minutes.,payments-gateway,Sev2,Resolved,alice.nguyen,1,2026-06-20T07:25:00Z,2026-06-20T07:53:12Z,2026-06-20T10:56:49Z,2026-06-20T12:59:13Z,2026-06-20T07:55:00Z,2026-06-20T15:25:00Z,False,Met,Webhook consumer scaled to zero after an autoscaling rule change.,Manual,
0c12c590-72b7-4f9d-b7f7-b456fd9fd837,1201,Promo code validation rejecting valid codes,Valid campaign promo codes are rejected as invalid at checkout.,checkout,Sev3,Resolved,farah.khan,1,2026-06-20T07:51:00Z,2026-06-20T08:30:06Z,2026-06-20T13:38:28Z,2026-06-20T17:04:02Z,2026-06-20T11:51:00Z,2026-06-23T07:51:00Z,False,Met,Stale promotion cache after a campaign update.,Manual,
d10eb39c-84a8-4288-9a41-c013634f5134,1202,Error rate spike after deployment of reporting,Error rate rose to 80% minutes after a release in southeastasia; the release was rolled back.,reporting,Sev1,Resolved,farah.khan,1,2026-06-20T16:46:00Z,2026-06-20T16:52:42Z,2026-06-20T17:29:31Z,2026-06-20T17:54:04Z,2026-06-20T17:01:00Z,2026-06-20T20:46:00Z,False,Met,Regression shipped without canary analysis.,Alertmanager,734346c1c6646c32
d8b2c252-f7e0-4fa2-a1f2-8453e771f49b,1203,TLS certificate expiring on notifications endpoint,The public certificate for notifications expires in 19 days and automated renewal did not run.,notifications,Sev3,Resolved,farah.khan,1,2026-06-20T18:14:00Z,2026-06-20T21:56:48Z,,2026-06-22T07:12:06Z,2026-06-20T22:14:00Z,2026-06-23T18:14:00Z,False,Met,Certificate renewal job was disabled during a pipeline migration.,Alertmanager,6648e26df4897552
0f04135e-c09d-4ee5-bd09-64c4d21daa30,1204,MFA SMS codes not delivered,One-time passcodes sent by SMS are delayed or never delivered to users in southeastasia.,identity,Sev2,Resolved,farah.khan,1,2026-06-21T00:09:00Z,2026-06-21T00:24:09Z,2026-06-21T01:14:19Z,2026-06-21T01:47:45Z,2026-06-21T00:39:00Z,2026-06-21T08:09:00Z,False,Met,SMS provider throttled the sender after a traffic burst.,Manual,
4ce27ef7-cff0-4b28-a20c-d5a3cf4ff1fa,1205,TLS certificate expiring on notifications endpoint,The public certificate for notifications expires in 25 days and automated renewal did not run.,notifications,Sev3,Resolved,farah.khan,1,2026-06-21T11:08:00Z,2026-06-21T13:39:41Z,2026-06-22T07:33:18Z,2026-06-22T19:29:03Z,2026-06-21T15:08:00Z,2026-06-24T11:08:00Z,False,Met,Certificate renewal job was disabled during a pipeline migration.,Alertmanager,a9d49de4f7c7f36b
f13b008f-6399-4a2b-9a5a-88b913e54329,1206,Login failures with invalid token errors,Sign-in fails and sessions are dropped; token validation rejects valid tokens in brazilsouth.,identity,Sev1,Resolved,farah.khan,1,2026-06-21T14:48:00Z,2026-06-21T15:01:22Z,2026-06-21T15:36:59Z,2026-06-21T16:00:43Z,2026-06-21T15:03:00Z,2026-06-21T18:48:00Z,False,Met,Signing key rotation was not propagated to every validator.,Manual,
62a98e3a-367b-4773-96a9-3af14ec37781,1207,Login failures with invalid token errors,Sign-in fails and sessions are dropped; token validation rejects valid tokens in eastus2.,identity,Sev2,Resolved,farah.khan,2,2026-06-21T22:43:00Z,2026-06-21T23:32:17Z,2026-06-22T05:22:54Z,2026-06-22T09:16:39Z,2026-06-21T23:43:00Z,2026-06-22T06:43:00Z,True,Breached,Signing key rotation was not propagated to every validator.,AzureMonitor,70a0159d4cab2b39
c861b214-39e5-4169-87c2-9084d168afc8,1208,Payment webhook delivery backlog,Payment status webhooks are queued and delayed by 15 minutes.,payments-gateway,Sev3,Resolved,farah.khan,1,2026-06-22T08:21:00Z,2026-06-22T10:25:33Z,2026-06-22T17:07:38Z,2026-06-22T21:35:42Z,2026-06-22T12:21:00Z,2026-06-25T08:21:00Z,False,Met,Webhook consumer scaled to zero after an autoscaling rule change.,Alertmanager,d36db9bf95d8f6ef
28e82d9b-3fd6-42d3-976e-67f9d891a0dc,1209,Dead-lettered messages on incident-events topic,Dead-lettered message count on the incident-events topic is above 5000.,platform,Sev3,Resolved,alice.nguyen,1,2026-06-23T08:09:00Z,2026-06-23T08:29:11Z,,2026-06-25T21:51:41Z,2026-06-23T12:09:00Z,2026-06-26T08:09:00Z,False,Met,Consumer rejected messages carrying an outdated schema version.,Alertmanager,90869dd1e406684b
9d793e6c-b0da-459c-a3fb-1cc0f6c3dcc0,1210,Email delivery queue backlog,Outbound email queue depth is above 200; transactional emails are delayed.,notifications,Sev4,Resolved,alice.nguyen,1,2026-06-23T18:40:00Z,2026-06-23T20:38:20Z,2026-06-26T22:09:27Z,2026-06-28T23:10:12Z,2026-06-24T18:40:00Z,2026-07-03T18:40:00Z,False,Met,Queue consumer crash loop after a dependency upgrade.,AzureMonitor,178d4a150b4be01d
8ae97842-8b7b-468d-b67e-10cc22c8738d,1211,Database connection pool exhausted on reporting,Requests fail with connection pool timeout errors; active connections are pinned at the maximum of 100.,reporting,Sev3,Resolved,bruno.costa,1,2026-06-24T08:15:00Z,2026-06-24T09:51:55Z,2026-06-25T16:23:35Z,2026-06-26T12:44:41Z,2026-06-24T12:15:00Z,2026-06-27T08:15:00Z,False,Met,Connection leak in an error path that skipped disposing the connection.,Manual,
ceb308f9-955f-4280-9da0-7486952c2e0e,1212,Card authorization timeouts with acquirer,Authorization requests to the acquirer time out after 30 seconds; payment success rate dropped to 56%.,payments-gateway,Sev3,Resolved,bruno.costa,1,2026-06-24T21:24:00Z,2026-06-24T21:58:34Z,2026-06-25T17:49:09Z,2026-06-26T07:02:52Z,2026-06-25T01:24:00Z,2026-06-27T21:24:00Z,False,Met,Acquirer endpoint degradation with no failover to the secondary acquirer.,Alertmanager,465b4ddb024b363a
1c996195-3d24-40e4-9d07-14c58a94dc46,1213,Search cluster high CPU and slow queries,Search query latency is above 3000ms with cluster CPU at 95% on data nodes.,search,Sev3,Resolved,alice.nguyen,1,2026-06-25T02:28:00Z,2026-06-25T03:03:47Z,2026-06-26T19:31:06Z,2026-06-27T22:29:19Z,2026-06-25T06:28:00Z,2026-06-28T02:28:00Z,False,Met,Expensive wildcard queries introduced by a new filter.,AzureMonitor,efa75325cfca8416
cff95d7c-88b6-44f0-bb58-5580abd02a20,1214,Nightly reporting ETL job failed,The nightly ETL job failed and dashboards show the previous day's data.,reporting,Sev2,Resolved,alice.nguyen,1,2026-06-25T05:02:00Z,2026-06-25T05:10:35Z,2026-06-25T09:21:38Z,2026-06-25T12:09:00Z,2026-06-25T05:32:00Z,2026-06-25T13:02:00Z,False,Met,Upstream schema change in the orders export.,Alertmanager,ba28c89c29d51aa6
f4c42ae4-1424-4a0c-a681-2c3fd6652e31,1215,Database connection pool exhausted on notifications,Requests fail with connection pool timeout errors; active connections are pinned at the maximum of 1000.,notifications,Sev3,Resolved,bruno.costa,1,2026-06-25T11:02:00Z,2026-06-25T13:44:24Z,2026-06-25T19:37:14Z,2026-06-25T23:32:27Z,2026-06-25T15:02:00Z,2026-06-28T11:02:00Z,False,Met,Connection leak in an error path that skipped disposing the connection.,Alertmanager,0abf5b0424ed1381
d50c8e73-9d56-49e5-bf3d-505045ad8e92,1216,TLS certificate expiring on notifications endpoint,The public certificate for notifications expires in 17 days and automated renewal did not run.,notifications,Sev3,Resolved,alice.nguyen,1,2026-06-25T18:04:00Z,2026-06-25T19:18:16Z,2026-06-26T01:11:23Z,2026-06-26T05:06:47Z,2026-06-25T22:04:00Z,2026-06-28T18:04:00Z,False,Met,Certificate renewal job was disabled during a pipeline migration.,AzureMonitor,7ac33d356e0c7eae
d5f482b1-058a-422c-b185-86d58536942b,1217,Error rate spike after deployment of platform,Error rate rose to 50% minutes after a release in brazilsouth; the release was rolled back.,platform,Sev3,Resolved,alice.nguyen,2,2026-06-25T21:58:00Z,2026-06-26T04:41:03Z,2026-06-26T16:27:52Z,2026-06-27T00:19:04Z,2026-06-26T05:58:00Z,2026-06-28T21:58:00Z,True,Breached,Regression shipped without canary analysis.,AzureMonitor,a157e35ee6458d2b
bf2ce451-e840-4d67-97d9-c493a011e072,1218,Order placement failing with HTTP 500,Customers cannot place orders; POST /orders returns HTTP 500 in southeastasia.,checkout,Sev3,Resolved,alice.nguyen,1,2026-06-26T12:44:00Z,2026-06-26T16:36:58Z,2026-06-26T22:53:55Z,2026-06-27T03:05:13Z,2026-06-26T16:44:00Z,2026-06-29T12:44:00Z,False,Met,Null reference in promotion rules after a configuration change.,Alertmanager,9582d79b0498b109
37da9b0d-4092-4301-bbb5-535be4c56631,1219,Payment webhook delivery backlog,Payment status webhooks are queued and delayed by 58 minutes.,payments-gateway,Sev2,Resolved,alice.nguyen,1,2026-06-27T13:51:00Z,2026-06-27T13:54:50Z,2026-06-27T14:35:01Z,2026-06-27T15:01:48Z,2026-06-27T14:21:00Z,2026-06-27T21:51:00Z,False,Met,Webhook consumer scaled to zero after an autoscaling rule change.,Alertmanager,2dbb98f9fd14ddcc
82a824a3-7397-4890-a8c7-0c466b578223,1220,Search results stale after catalog update,Product search shows outdated prices and stock; index lag is 21 minutes.,search,Sev3,Resolved,alice.nguyen,1,2026-06-27T18:33:00Z,2026-06-27T20:24:27Z,2026-06-28T08:38:44Z,2026-06-28T16:48:15Z,2026-06-27T22:33:00Z,2026-06-30T18:33:00Z,False,Met,Indexer stuck on a poison message.,Manual,
0a40b6a7-835a-480f-96f4-aa6327401442,1221,Search cluster high CPU and slow queries,Search query latency is above 800ms with cluster CPU at 95% on data nodes.,search,Sev3,Resolved,alice.nguyen,1,2026-06-27T23:15:00Z,2026-06-28T00:08:36Z,2026-06-28T14:10:35Z,2026-06-28T23:31:54Z,2026-06-28T03:15:00Z,2026-06-30T23:15:00Z,False,Met,Expensive wildcard queries introduced by a new filter.,Alertmanager,2406d671ec2271c0
f995bbd5-a2ee-435e-918d-a34103aebb0c,1222,Availability test failing for incidents API,The availability test on /health/ready fails from westeurope.,platform,Sev2,Resolved,alice.nguyen,1,2026-06-29T02:29:00Z,2026-06-29T02:35:44Z,2026-06-29T05:01:58Z,2026-06-29T06:39:28Z,2026-06-29T02:59:00Z,2026-06-29T10:29:00Z,False,Met,New revision failed readiness after a configuration change.,AzureMonitor,9f8b68e4fdedaede
d07ad4ea-287d-4c93-a58c-d4edf2353db8,1223,MFA SMS codes not delivered,One-time passcodes sent by SMS are delayed or never delivered to users in southeastasia.,identity,Sev3,Resolved,alice.nguyen,1,2026-06-29T12:37:00Z,2026-06-29T13:43:34Z,,2026-06-30T14:58:30Z,2026-06-29T16:37:00Z,2026-07-02T12:37:00Z,False,Met,SMS provider throttled the sender after a traffic burst.,Manual,
c4fb829b-9509-498e-bf3f-49db0d28a04e,1224,Push notifications failing for Android devices,Android push notifications fail with invalid credentials from the push provider.,notifications,Sev4,Resolved,bruno.costa,1,2026-07-01T21:08:00Z,2026-07-02T04:39:38Z,2026-07-02T12:09:27Z,2026-07-02T17:09:19Z,2026-07-02T21:08:00Z,2026-07-11T21:08:00Z,False,Met,Push provider credentials expired.,Manual,
f54a67d5-4ef1-4117-bc78-6abdda38d48d,1225,Order placement failing with HTTP 500,Customers cannot place orders; POST /orders returns HTTP 500 in westeurope.,checkout,Sev3,Resolved,bruno.costa,1,2026-07-02T05:09:00Z,2026-07-02T07:27:26Z,2026-07-02T21:22:31Z,2026-07-03T06:39:14Z,2026-07-02T09:09:00Z,2026-07-05T05:09:00Z,False,Met,Null reference in promotion rules after a configuration change.,Alertmanager,2087cec01d9ed8b9
30180ef9-495f-4258-b9d2-01494e8461a3,1226,MFA SMS codes not delivered,One-time passcodes sent by SMS are delayed or never delivered to users in southeastasia.,identity,Sev2,Resolved,bruno.costa,1,2026-07-02T05:52:00Z,2026-07-02T06:07:38Z,2026-07-03T07:02:27Z,2026-07-03T23:38:59Z,2026-07-02T06:22:00Z,2026-07-02T13:52:00Z,False,Breached,SMS provider throttled the sender after a traffic burst.,Manual,
6561aa58-9093-4025-b720-8688c7cd7925,1227,Database connection pool exhausted on payments-gateway,Requests fail with connection pool timeout errors; active connections are pinned at the maximum of 200.,payments-gateway,Sev3,Resolved,bruno.costa,1,2026-07-02T13:54:00Z,2026-07-02T15:54:17Z,2026-07-04T21:49:03Z,2026-07-06T09:45:33Z,2026-07-02T17:54:00Z,2026-07-05T13:54:00Z,False,Breached,Connection leak in an error path that skipped disposing the connection.,Alertmanager,e8cfc64021c3d5eb
95db64b8-7463-45aa-94c5-f2441c6e55d4,1228,Payment webhook delivery backlog,Payment status webhooks are queued and delayed by 95 minutes.,payments-gateway,Sev3,Resolved,bruno.costa,1,2026-07-02T22:20:00Z,2026-07-02T22:39:11Z,2026-07-03T04:47:51Z,2026-07-03T08:53:38Z,2026-07-03T02:20:00Z,2026-07-05T22:20:00Z,False,Met,Webhook consumer scaled to zero after an autoscaling rule change.,Alertmanager,333fffdf3b83f556
58a2fa79-1187-48e9-b6fc-306ac4f6cec0,1229,Card authorization timeouts with acquirer,Authorization requests to the acquirer time out after 30 seconds; payment success rate dropped to 46%.,payments-gateway,Sev2,Resolved,bruno.costa,1,2026-07-03T01:39:00Z,2026-07-03T01:54:28Z,,2026-07-03T08:20:56Z,2026-07-03T02:09:00Z,2026-07-03T09:39:00Z,False,Met,Acquirer endpoint degradation with no failover to the secondary acquirer.,AzureMonitor,a1b262a0ce42a4a6
e3d221d9-734d-4624-bfaf-b9cb339572e6,1230,MFA SMS codes not delivered,One-time passcodes sent by SMS are delayed or never delivered to users in westeurope.,identity,Sev4,Resolved,bruno.costa,1,2026-07-03T22:33:00Z,2026-07-04T01:42:57Z,2026-07-05T08:40:19Z,2026-07-06T05:18:34Z,2026-07-04T22:33:00Z,2026-07-13T22:33:00Z,False,Met,SMS provider throttled the sender after a traffic burst.,Manual,
65bc7d97-bb01-4b98-8b30-7711c54f74a6,1231,MFA SMS codes not delivered,One-time passcodes sent by SMS are delayed or never delivered to users in brazilsouth.,identity,Sev3,Resolved,bruno.costa,2,2026-07-05T05:23:00Z,2026-07-05T09:51:25Z,2026-07-06T17:32:51Z,2026-07-07T14:40:29Z,2026-07-05T13:23:00Z,2026-07-08T05:23:00Z,True,Breached,SMS provider throttled the sender after a traffic burst.,Manual,
37f6300e-b657-43c7-9aba-68a952070416,1232,Nightly reporting ETL job failed,The nightly ETL job failed and dashboards show the previous day's data.,reporting,Sev3,Resolved,bruno.costa,2,2026-07-05T08:38:00Z,2026-07-05T13:10:22Z,2026-07-06T19:49:29Z,2026-07-07T16:15:33Z,2026-07-05T16:38:00Z,2026-07-08T08:38:00Z,True,Breached,Upstream schema change in the orders export.,AzureMonitor,1b6e266768ac9d74
a918c44c-2cbc-4053-9393-bd5fed1616b0,1233,Duplicate charges reported by customers,Customers report being charged twice; the idempotency key is not honored on retried authorizations.,payments-gateway,Sev2,Resolved,carla.mendes,1,2026-07-06T04:52:00Z,2026-07-06T05:07:01Z,2026-07-06T05:32:59Z,2026-07-06T05:50:17Z,2026-07-06T05:22:00Z,2026-07-06T12:52:00Z,False,Met,Client retry policy bypassed the idempotency key.,Manual,
52397fc1-1245-4c39-935c-a08025d96fd1,1234,Login failures with invalid token errors,Sign-in fails and sessions are dropped; token validation rejects valid tokens in westeurope.,identity,Sev2,Resolved,bruno.costa,1,2026-07-06T06:47:00Z,2026-07-06T07:05:26Z,2026-07-06T08:11:25Z,2026-07-06T08:55:24Z,2026-07-06T07:17:00Z,2026-07-06T14:47:00Z,False,Met,Signing key rotation was not propagated to every validator.,Manual,
5e1a9afb-b4e6-4162-899e-dcff22474b7d,1235,Error rate spike after deployment of payments-gateway,Error rate rose to 62% minutes after a release in eastus2; the release was rolled back.,payments-gateway,Sev2,Resolved,bruno.costa,1,2026-07-06T12:31:00Z,2026-07-06T12:51:44Z,2026-07-06T21:07:52Z,2026-07-07T02:38:38Z,2026-07-06T13:01:00Z,2026-07-06T20:31:00Z,False,Breached,Regression shipped without canary analysis.,Alertmanager,24b13507f0218f01
19971e51-0768-4b6d-87d6-105e54e84ebb,1236,Availability test failing for incidents API,The availability test on /health/ready fails from eastus2.,platform,Sev3,Resolved,diego.ramos,1,2026-07-06T16:10:00Z,2026-07-06T16:44:45Z,2026-07-08T05:32:42Z,2026-07-09T06:04:40Z,2026-07-06T20:10:00Z,2026-07-09T16:10:00Z,False,Met,New revision failed readiness after a configuration change.,AzureMonitor,80ffb88149017ad4
455a303e-7340-4fd3-aee3-2a6703541f5a,1237,Email delivery queue backlog,Outbound email queue depth is above 500; transactional emails are delayed.,notifications,Sev2,Resolved,carla.mendes,1,2026-07-06T16:59:00Z,2026-07-06T17:07:47Z,,2026-07-07T00:28:52Z,2026-07-06T17:29:00Z,2026-07-07T00:59:00Z,False,Met,Queue consumer crash loop after a dependency upgrade.,AzureMonitor,7923f1a9f2d71272
fdd64322-b5b8-4310-98ce-15a4d9d170af,1238,Nightly reporting ETL job failed,The nightly ETL job failed and dashboards show the previous day's data.,reporting,Sev4,Resolved,diego.ramos,1,2026-07-06T18:59:00Z,2026-07-06T22:26:35Z,2026-07-10T07:23:53Z,2026-07-12T13:22:05Z,2026-07-07T18:59:00Z,2026-07-16T18:59:00Z,False,Met,Upstream schema change in the orders export.,AzureMonitor,2c72960a1311311b
61e335a5-6b2e-4c10-8bbb-b19a557fc9f1,1239,Login failures with invalid token errors,Sign-in fails and sessions are dropped; token validation rejects valid tokens in southeastasia.,identity,Sev1,Resolved,carla.mendes,2,2026-07-06T22:29:00Z,2026-07-06T22:51:50Z,2026-07-06T23:51:32Z,2026-07-07T00:31:20Z,2026-07-06T22:59:00Z,2026-07-07T02:29:00Z,True,Breached,Signing key rotation was not propagated to every validator.,Manual,
3e302e65-6da8-4159-868f-fcee786cbc5d,1240,Promo code validation rejecting valid codes,Valid campaign promo codes are rejected as invalid at checkout.,checkout,Sev2,Resolved,carla.mendes,1,2026-07-07T05:10:00Z,2026-07-07T05:19:55Z,2026-07-07T07:31:30Z,2026-07-07T08:59:14Z,2026-07-07T05:40:00Z,2026-07-07T13:10:00Z,False,Met,Stale promotion cache after a campaign update.,Manual,
2c1f98d6-bf9a-4b52-836e-e275141e45dc,1241,Order placement failing with HTTP 500,Customers cannot place orders; POST /orders returns HTTP 500 in brazilsouth.,checkout,Sev3,Resolved,carla.mendes,1,2026-07-07T09:18:00Z,2026-07-07T10:42:03Z,,2026-07-08T15:13:25Z,2026-07-07T13:18:00Z,2026-07-10T09:18:00Z,False,Met,Null reference in promotion rules after a configuration change.,Manual,
0cef4757-af62-49df-8190-8f879509ce5c,1242,Order placement failing with HTTP 500,Customers cannot place orders; POST /orders returns HTTP 500 in brazilsouth.,checkout,Sev2,Resolved,carla.mendes,1,2026-07-07T18:20:00Z,2026-07-07T18:41:45Z,2026-07-07T20:16:46Z,2026-07-07T21:20:07Z,2026-07-07T18:50:00Z,2026-07-08T02:20:00Z,False,Met,Null reference in promotion rules after a configuration change.,Manual,
77854f34-dd26-4afb-91b1-ec9ecd2c112d,1243,Promo code validation rejecting valid codes,Valid campaign promo codes are rejected as invalid at checkout.,checkout,Sev3,Resolved,carla.mendes,2,2026-07-07T22:08:00Z,2026-07-08T04:45:36Z,2026-07-08T13:03:16Z,2026-07-08T18:35:03Z,2026-07-08T06:08:00Z,2026-07-10T22:08:00Z,True,Breached,Stale promotion cache after a campaign update.,Manual,
2a86c221-f48e-4ef4-a2ae-25e26fe680cf,1244,TLS certificate expiring on payments-gateway endpoint,The public certificate for payments-gateway expires in 8 days and automated renewal did not run.,payments-gateway,Sev3,Resolved,carla.mendes,1,2026-07-08T02:04:00Z,2026-07-08T02:20:46Z,2026-07-08T09:31:09Z,2026-07-08T14:18:04Z,2026-07-08T06:04:00Z,2026-07-11T02:04:00Z,False,Met,Certificate renewal job was disabled during a pipeline migration.,AzureMonitor,8daec679ea1368d7
84fd9917-728e-49f6-9918-dda9ba7db48c,1245,Push notifications failing for Android devices,Android push notifications fail with invalid credentials from the push provider.,notifications,Sev3,Resolved,carla.mendes,1,2026-07-08T09:12:00Z,2026-07-08T09:52:07Z,2026-07-09T01:03:23Z,2026-07-09T11:10:53Z,2026-07-08T13:12:00Z,2026-07-11T09:12:00Z,False,Met,Push provider credentials expired.,Manual,
4b44aa54-a8af-4859-b713-0f9e9bb8142d,1246,TLS certificate expiring on search endpoint,The public certificate for search expires in 4 days and automated renewal did not run.,search,Sev3,Resolved,carla.mendes,2,2026-07-08T13:30:00Z,2026-07-08T17:35:03Z,2026-07-08T21:01:47Z,2026-07-08T23:19:37Z,2026-07-08T21:30:00Z,2026-07-11T13:30:00Z,True,Breached,Certificate renewal job was disabled during a pipeline migration.,AzureMonitor,569bdd480a6606e1
dd09a3ec-6372-48ee-b9ca-77c1ad35433f,1247,MFA SMS codes not delivered,One-time passcodes sent by SMS are delayed or never delivered to users in westeurope.,identity,Sev2,Resolved,carla.mendes,1,2026-07-09T15:38:00Z,2026-07-09T15:46:55Z,,2026-07-09T18:50:34Z,2026-07-09T16:08:00Z,2026-07-09T23:38:00Z,False,Met,SMS provider throttled the sender after a traffic burst.,Manual,
653e7c1b-ca7a-43fb-99e1-cd9829be3ead,1248,Payment webhook delivery backlog,Payment status webhooks are queued and delayed by 45 minutes.,payments-gateway,Sev4,Resolved,carla.mendes,1,2026-07-09T15:50:00Z,2026-07-10T01:27:51Z,2026-07-13T07:21:22Z,2026-07-15T11:17:03Z,2026-07-10T15:50:00Z,2026-07-19T15:50:00Z,False,Met,Webhook consumer scaled to zero after an autoscaling rule change.,Alertmanager,bcdd00b941228cc0
c08d1593-67c2-417d-acee-eff043591c9d,1249,Promo code validation rejecting valid codes,Valid campaign promo codes are rejected as invalid at checkout.,checkout,Sev3,Resolved,carla.mendes,1,2026-07-10T07:48:00Z,2026-07-10T09:38:17Z,,2026-07-10T21:09:06Z,2026-07-10T11:48:00Z,2026-07-13T07:48:00Z,False,Met,Stale promotion cache after a campaign update.,Manual,
761266fb-bca2-4a88-9a24-3869eed63a11,1250,SLA watchdog function failures,The SLA check function fails on 49% of executions in eastus2.,platform,Sev1,Resolved,carla.mendes,1,2026-07-11T12:18:00Z,2026-07-11T12:19:44Z,,2026-07-11T13:33:47Z,2026-07-11T12:33:00Z,2026-07-11T16:18:00Z,False,Met,Managed identity lost its role assignment on the Service Bus namespace.,AzureMonitor,96ada07379c810e9
e6f3caec-1829-46a6-b044-0b70f2538ba0,1251,Error rate spike after deployment of checkout,Error rate rose to 62% minutes after a release in brazilsouth; the release was rolled back.,checkout,Sev1,Resolved,carla.mendes,1,2026-07-11T17:09:00Z,2026-07-11T17:10:44Z,,2026-07-11T17:48:43Z,2026-07-11T17:24:00Z,2026-07-11T21:09:00Z,False,Met,Regression shipped without canary analysis.,AzureMonitor,81827e26227cc170
101fdce0-d2ee-419b-a7b2-9b575f1b1fbc,1252,Report export timeouts for large date ranges,CSV report exports time out for date ranges longer than 3 days.,reporting,Sev4,Resolved,carla.mendes,1,2026-07-12T11:51:00Z,2026-07-12T18:51:21Z,2026-07-13T15:36:33Z,2026-07-14T05:26:41Z,2026-07-13T11:51:00Z,2026-07-22T11:51:00Z,False,Met,Unbounded query without pagination.,Manual,
672da11b-91b1-4eb6-a293-837d2ad7500c,1253,Login failures with invalid token errors,Sign-in fails and sessions are dropped; token validation rejects valid tokens in southeastasia.,identity,Sev2,Resolved,carla.mendes,1,2026-07-13T07:14:00Z,2026-07-13T07:18:30Z,2026-07-13T08:23:11Z,2026-07-13T09:06:18Z,2026-07-13T07:44:00Z,2026-07-13T15:14:00Z,False,Met,Signing key rotation was not propagated to every validator.,Alertmanager,5d481b2bc8fa3564
e9c89521-1f05-4571-8314-c9bbc9f23c97,1254,Search results stale after catalog update,Product search shows outdated prices and stock; index lag is 30 minutes.,search,Sev3,Resolved,carla.mendes,1,2026-07-13T14:22:00Z,2026-07-13T16:35:29Z,2026-07-13T20:22:08Z,2026-07-13T22:53:14Z,2026-07-13T18:22:00Z,2026-07-16T14:22:00Z,False,Met,Indexer stuck on a poison message.,Manual,
34d3804a-a914-4387-ab6f-2f2037b94a21,1255,Promo code validation rejecting valid codes,Valid campaign promo codes are rejected as invalid at checkout.,checkout,Sev3,Resolved,diego.ramos,1,2026-07-13T17:56:00Z,2026-07-13T18:59:54Z,2026-07-15T03:27:29Z,2026-07-16T01:05:52Z,2026-07-13T21:56:00Z,2026-07-16T17:56:00Z,False,Met,Stale promotion cache after a campaign update.,Manual,
39cc8f3a-ae64-4184-8b0e-a29fedd35ee7,1256,Error rate spike after deployment of platform,Error rate rose to 74% minutes after a release in brazilsouth; the release was rolled back.,platform,Sev3,Resolved,diego.ramos,1,2026-07-14T04:04:00Z,2026-07-14T05:43:18Z,2026-07-14T11:04:14Z,2026-07-14T14:38:11Z,2026-07-14T08:04:00Z,2026-07-17T04:04:00Z,False,Met,Regression shipped without canary analysis.,Alertmanager,b54fd6fc48cafb93
34d21dc2-26f1-4011-8481-74a46eaffd31,1257,Search results stale after catalog update,Product search shows outdated prices and stock; index lag is 56 minutes.,search,Sev3,Resolved,diego.ramos,3,2026-07-14T06:47:00Z,2026-07-14T17:04:30Z,2026-07-16T05:50:32Z,2026-07-17T06:21:14Z,2026-07-14T18:47:00Z,2026-07-17T06:47:00Z,True,Breached,Indexer stuck on a poison message.,Manual,
cf68a395-6c13-43e6-88fb-beaa628fa5da,1258,Login failures with invalid token errors,Sign-in fails and sessions are dropped; token validation rejects valid tokens in eastus2.,identity,Sev2,Resolved,erin.walsh,1,2026-07-14T09:17:00Z,2026-07-14T09:42:44Z,,2026-07-14T11:22:29Z,2026-07-14T09:47:00Z,2026-07-14T17:17:00Z,False,Met,Signing key rotation was not propagated to every validator.,Manual,
50ccc39e-bbe4-479d-871f-fa8a0851b3c5,1259,TLS certificate expiring on notifications endpoint,The public certificate for notifications expires in 4 days and automated renewal did not run.,notifications,Sev2,Resolved,diego.ramos,1,2026-07-14T17:34:00Z,2026-07-14T17:42:03Z,2026-07-14T19:42:17Z,2026-07-14T21:02:27Z,2026-07-14T18:04:00Z,2026-07-15T01:34:00Z,False,Met,Certificate renewal job was disabled during a pipeline migration.,Alertmanager,0be70452963fa6fb
40ff8154-af85-4910-b0d2-f84ee0278d11,1260,Payment webhook delivery backlog,Payment status webhooks are queued and delayed by 21 minutes.,payments-gateway,Sev2,Resolved,diego.ramos,1,2026-07-16T04:56:00Z,2026-07-16T05:19:23Z,,2026-07-16T09:40:35Z,2026-07-16T05:26:00Z,2026-07-16T12:56:00Z,False,Met,Webhook consumer scaled to zero after an autoscaling rule change.,Manual,
8a27e222-b163-4aae-9ed6-2ec407c44ae5,1261,Order placement failing with HTTP 500,Customers cannot place orders; POST /orders returns HTTP 500 in westeurope.,checkout,Sev3,Resolved,diego.ramos,1,2026-07-16T10:08:00Z,2026-07-16T12:41:52Z,,2026-07-18T23:08:28Z,2026-07-16T14:08:00Z,2026-07-19T10:08:00Z,False,Met,Null reference in promotion rules after a configuration change.,Manual,
5ef4964e-f50a-4ee5-bcb6-ae5cdd7718ae,1262,TLS certificate expiring on payments-gateway endpoint,The public certificate for payments-gateway expires in 24 days and automated renewal did not run.,payments-gateway,Sev4,Resolved,erin.walsh,1,2026-07-17T04:24:00Z,2026-07-18T03:43:51Z,2026-07-21T02:35:03Z,2026-07-23T01:49:11Z,2026-07-18T04:24:00Z,2026-07-27T04:24:00Z,False,Met,Certificate renewal job was disabled during a pipeline migration.,Manual,
148efb31-4120-4e15-b606-2e53b576079c,1263,Duplicate charges reported by customers,Customers report being charged twice; the idempotency key is not honored on retried authorizations.,payments-gateway,Sev3,Resolved,erin.walsh,3,2026-07-18T10:35:00Z,2026-07-18T18:42:09Z,2026-07-20T00:57:53Z,2026-07-20T21:08:23Z,2026-07-18T22:35:00Z,2026-07-21T10:35:00Z,True,Breached,Client retry policy bypassed the idempotency key.,Manual,
d2a0c4f1-8f94-405b-8c17-22d6454dc69d,1264,Order placement failing with HTTP 500,Customers cannot place orders; POST /orders returns HTTP 500 in westeurope.,checkout,Sev1,Resolved,diego.ramos,1,2026-07-18T15:04:00Z,2026-07-18T15:17:36Z,,2026-07-18T17:18:15Z,2026-07-18T15:19:00Z,2026-07-18T19:04:00Z,False,Met,Null reference in promotion rules after a configuration change.,Alertmanager,f52737d53dc30bbf
32ec12df-8274-4e16-a778-0462bdcddafe,1265,TLS certificate expiring on identity endpoint,The public certificate for identity expires in 22 days and automated renewal did not run.,identity,Sev3,Resolved,diego.ramos,1,2026-07-18T18:14:00Z,2026-07-18T20:01:35Z,2026-07-20T14:37:23Z,2026-07-21T19:01:15Z,2026-07-18T22:14:00Z,2026-07-21T18:14:00Z,False,Breached,Certificate renewal job was disabled during a pipeline migration.,AzureMonitor,f259ec2e833a0a77
3997c41d-d707-42b0-b6c7-bd56b755e821,1266,MFA SMS codes not delivered,One-time passcodes sent by SMS are delayed or never delivered to users in southeastasia.,identity,Sev2,Resolved,erin.walsh,1,2026-07-19T02:50:00Z,2026-07-19T02:53:56Z,,2026-07-19T05:48:45Z,2026-07-19T03:20:00Z,2026-07-19T10:50:00Z,False,Met,SMS provider throttled the sender after a traffic burst.,Manual,
494d59af-ab66-41c2-8f6e-66bc54757990,1267,Login failures with invalid token errors,Sign-in fails and sessions are dropped; token validation rejects valid tokens in brazilsouth.,identity,Sev2,Resolved,diego.ramos,1,2026-07-19T03:04:00Z,2026-07-19T03:23:12Z,2026-07-19T05:44:58Z,2026-07-19T07:19:28Z,2026-07-19T03:34:00Z,2026-07-19T11:04:00Z,False,Met,Signing key rotation was not propagated to every validator.,Manual,
c0ccd07d-206e-4c86-928a-9d9ae86836cb,1268,Card authorization timeouts with acquirer,Authorization requests to the acquirer time out after 30 seconds; payment success rate dropped to 72%.,payments-gateway,Sev3,Resolved,diego.ramos,1,2026-07-19T17:06:00Z,2026-07-19T18:47:55Z,2026-07-20T10:18:29Z,2026-07-20T20:38:52Z,2026-07-19T21:06:00Z,2026-07-22T17:06:00Z,False,Met,Acquirer endpoint degradation with no failover to the secondary acquirer.,AzureMonitor,2451396b0431b033
aa087cba-3431-483f-9c93-2c580ec27f86,1269,Search cluster high CPU and slow queries,Search query latency is above 1200ms with cluster CPU at 95% on data nodes.,search,Sev3,Resolved,diego.ramos,1,2026-07-19T23:52:00Z,2026-07-20T00:21:26Z,2026-07-20T03:31:58Z,2026-07-20T05:38:59Z,2026-07-20T03:52:00Z,2026-07-22T23:52:00Z,False,Met,Expensive wildcard queries introduced by a new filter.,Alertmanager,000aea6323adc2ab
36105413-9deb-4c32-9944-c945bbaa8260,1270,Duplicate charges reported by customers,Customers report being charged twice; the idempotency key is not honored on retried authorizations.,payments-gateway,Sev2,Resolved,diego.ramos,1,2026-07-20T01:25:00Z,2026-07-20T01:45:38Z,2026-07-20T02:56:09Z,2026-07-20T03:43:09Z,2026-07-20T01:55:00Z,2026-07-20T09:25:00Z,False,Met,Client retry policy bypassed the idempotency key.,Manual,
92f5ced8-e8e4-44dd-99eb-a1196f081106,1271,Error rate spike after deployment of search,Error rate rose to 88% minutes after a release in brazilsouth; the release was rolled back.,search,Sev2,Resolved,erin.walsh,1,2026-07-20T22:06:00Z,2026-07-20T22:16:27Z,2026-07-20T23:05:39Z,2026-07-20T23:38:27Z,2026-07-20T22:36:00Z,2026-07-21T06:06:00Z,False,Met,Regression shipped without canary analysis.,AzureMonitor,6295286dbe7a180b
b849b0b1-01db-43bc-ae63-cafdff724bac,1272,Login failures with invalid token errors,Sign-in fails and sessions are dropped; token validation rejects valid tokens in westeurope.,identity,Sev2,Resolved,erin.walsh,1,2026-07-21T00:07:00Z,2026-07-21T00:25:55Z,2026-07-21T03:52:30Z,2026-07-21T06:10:13Z,2026-07-21T00:37:00Z,2026-07-21T08:07:00Z,False,Met,Signing key rotation was not propagated to every validator.,Manual,
c1cca513-36e3-452a-8e5b-731c3f81507a,1273,Search results stale after catalog update,Product search shows outdated prices and stock; index lag is 23 minutes.,search,Sev3,Resolved,erin.walsh,1,2026-07-21T13:53:00Z,2026-07-21T16:08:54Z,2026-07-23T20:04:03Z,2026-07-25T06:40:49Z,2026-07-21T17:53:00Z,2026-07-24T13:53:00Z,False,Breached,Indexer stuck on a poison message.,Manual,
80617463-b4ab-4442-b698-8d7adffb7528,1274,Login failures with invalid token errors,Sign-in fails and sessions are dropped; token validation rejects valid tokens in brazilsouth.,identity,Sev2,Resolved,erin.walsh,1,2026-07-22T03:22:00Z,2026-07-22T03:38:13Z,,2026-07-22T08:06:39Z,2026-07-22T03:52:00Z,2026-07-22T11:22:00Z,False,Met,Signing key rotation was not propagated to every validator.,AzureMonitor,90bcf7f5acfdb815
e22a9272-bb17-4887-912b-ebf52f2da60f,1275,Card authorization timeouts with acquirer,Authorization requests to the acquirer time out after 30 seconds; payment success rate dropped to 54%.,payments-gateway,Sev2,Resolved,erin.walsh,1,2026-07-22T05:00:00Z,2026-07-22T05:20:27Z,2026-07-22T06:07:27Z,2026-07-22T06:38:47Z,2026-07-22T05:30:00Z,2026-07-22T13:00:00Z,False,Met,Acquirer endpoint degradation with no failover to the secondary acquirer.,Manual,
8b4c29b8-d064-4ff6-b9ba-37917705d41a,1276,Duplicate charges reported by customers,Customers report being charged twice; the idempotency key is not honored on retried authorizations.,payments-gateway,Sev3,Resolved,erin.walsh,2,2026-07-23T17:43:00Z,2026-07-23T23:01:27Z,2026-07-24T12:46:52Z,2026-07-24T21:57:08Z,2026-07-24T01:43:00Z,2026-07-26T17:43:00Z,True,Breached,Client retry policy bypassed the idempotency key.,Alertmanager,11185c8d1f0ec745
5a646cd2-b25b-464d-acb1-994f4a0abe8f,1277,Search cluster high CPU and slow queries,Search query latency is above 1500ms with cluster CPU at 95% on data nodes.,search,Sev3,Resolved,erin.walsh,1,2026-07-23T23:49:00Z,2026-07-24T00:45:03Z,2026-07-24T04:32:26Z,2026-07-24T07:04:02Z,2026-07-24T03:49:00Z,2026-07-26T23:49:00Z,False,Met,Expensive wildcard queries introduced by a new filter.,AzureMonitor,e5261e80852ac4d1
221d4c05-4d39-443d-b16c-59915832ce64,1278,Search cluster high CPU and slow queries,Search query latency is above 1200ms with cluster CPU at 95% on data nodes.,search,Sev1,Resolved,erin.walsh,1,2026-07-24T12:55:00Z,2026-07-24T13:07:23Z,2026-07-24T13:28:00Z,2026-07-24T13:41:44Z,2026-07-24T13:10:00Z,2026-07-24T16:55:00Z,False,Met,Expensive wildcard queries introduced by a new filter.,AzureMonitor,c0d722f732d005d6
cd7274c5-3ea6-4ca6-98b4-8ee85c05d758,1279,Card authorization timeouts with acquirer,Authorization requests to the acquirer time out after 30 seconds; payment success rate dropped to 66%.,payments-gateway,Sev1,Resolved,erin.walsh,1,2026-07-25T22:19:00Z,2026-07-25T22:22:12Z,2026-07-25T22:43:25Z,2026-07-25T22:57:33Z,2026-07-25T22:34:00Z,2026-07-26T02:19:00Z,False,Met,Acquirer endpoint degradation with no failover to the secondary acquirer.,AzureMonitor,4940c281c9ee3c75
b593ccfb-d711-407f-ba90-8528ae7b764f,1280,TLS certificate expiring on payments-gateway endpoint,The public certificate for payments-gateway expires in 7 days and automated renewal did not run.,payments-gateway,Sev4,Resolved,erin.walsh,1,2026-07-26T01:44:00Z,2026-07-26T12:25:01Z,2026-07-29T08:57:48Z,2026-07-31T06:39:40Z,2026-07-27T01:44:00Z,2026-08-05T01:44:00Z,False,Met,Certificate renewal job was disabled during a pipeline migration.,Alertmanager,f1f8433957779b3d
53dcc82d-d8d9-4ff8-b4df-2cae16e99438,1281,Push notifications failing for Android devices,Android push notifications fail with invalid credentials from the push provider.,notifications,Sev2,Resolved,erin.walsh,1,2026-07-26T02:55:00Z,2026-07-26T03:01:05Z,2026-07-26T05:02:42Z,2026-07-26T06:23:47Z,2026-07-26T03:25:00Z,2026-07-26T10:55:00Z,False,Met,Push provider credentials expired.,Manual,
83ecc1ad-56b9-4e5d-93ca-14920af4ef0a,1282,Duplicate charges reported by customers,Customers report being charged twice; the idempotency key is not honored on retried authorizations.,payments-gateway,Sev1,Resolved,erin.walsh,1,2026-07-26T20:35:00Z,2026-07-26T20:41:25Z,2026-07-26T21:31:18Z,2026-07-26T22:04:34Z,2026-07-26T20:50:00Z,2026-07-27T00:35:00Z,False,Met,Client retry policy bypassed the idempotency key.,Manual,
e692b2ef-abdb-40d0-a4b6-2f10ea0c7adc,1283,Availability test failing for incidents API,The availability test on /health/ready fails from southeastasia.,platform,Sev1,Resolved,erin.walsh,1,2026-07-26T23:37:00Z,2026-07-26T23:38:13Z,,2026-07-27T00:17:36Z,2026-07-26T23:52:00Z,2026-07-27T03:37:00Z,False,Met,New revision failed readiness after a configuration change.,Alertmanager,8b13fe8195199a74
d118fb62-f1dd-43c2-805c-7bf8427f07b4,1284,Checkout API p99 latency above 3000ms,Cart and order placement requests are slow in southeastasia; p99 latency stayed above 3000ms for more than ten minutes.,checkout,Sev2,Resolved,farah.khan,1,2026-07-27T10:09:00Z,2026-07-27T10:14:13Z,2026-07-27T10:37:04Z,2026-07-27T10:52:18Z,2026-07-27T10:39:00Z,2026-07-27T18:09:00Z,False,Met,Slow query on the orders table after an index was dropped.,AzureMonitor,e96ca92bb93d48a0
d209c5a4-f9b0-4de0-8138-dd205becb0d6,1285,Availability test failing for incidents API,The availability test on /health/ready fails from westeurope.,platform,Sev1,Resolved,farah.khan,1,2026-07-27T18:34:00Z,2026-07-27T18:36:31Z,,2026-07-27T23:02:38Z,2026-07-27T18:49:00Z,2026-07-27T22:34:00Z,False,Breached,New revision failed readiness after a configuration change.,Alertmanager,9be8f5c95cded426
17c71a76-81fa-4ee9-8658-522c1420d948,1286,Login failures with invalid token errors,Sign-in fails and sessions are dropped; token validation rejects valid tokens in westeurope.,identity,Sev1,Resolved,farah.khan,1,2026-07-28T09:24:00Z,2026-07-28T09:33:29Z,2026-07-28T13:27:29Z,2026-07-28T16:03:29Z,2026-07-28T09:39:00Z,2026-07-28T13:24:00Z,False,Breached,Signing key rotation was not propagated to every validator.,AzureMonitor,3c74d3d23b97056d
b24d6cb7-3197-4d6e-bc44-7c26a865878b,1287,Search results stale after catalog update,Product search shows outdated prices and stock; index lag is 39 minutes.,search,Sev2,Resolved,farah.khan,1,2026-07-28T14:20:00Z,2026-07-28T14:32:17Z,2026-07-28T15:59:24Z,2026-07-28T16:57:28Z,2026-07-28T14:50:00Z,2026-07-28T22:20:00Z,False,Met,Indexer stuck on a poison message.,Manual,
be5c31e1-6c65-4467-9569-1948a2468e27,1288,MFA SMS codes not delivered,One-time passcodes sent by SMS are delayed or never delivered to users in eastus2.,identity,Sev2,Resolved,farah.khan,1,2026-07-28T19:32:00Z,2026-07-28T19:59:40Z,2026-07-28T21:27:27Z,2026-07-28T22:25:59Z,2026-07-28T20:02:00Z,2026-07-29T03:32:00Z,False,Met,SMS provider throttled the sender after a traffic burst.,Manual,
462a1f07-dd5c-482e-af71-2d1a8c7095cf,1289,Payment webhook delivery backlog,Payment status webhooks are queued and delayed by 15 minutes.,payments-gateway,Sev3,Resolved,farah.khan,1,2026-07-29T05:38:00Z,2026-07-29T06:01:11Z,2026-07-29T12:24:31Z,2026-07-29T16:40:05Z,2026-07-29T09:38:00Z,2026-08-01T05:38:00Z,False,Met,Webhook consumer scaled to zero after an autoscaling rule change.,AzureMonitor,f8a38db4034437a0
90c2dfaf-5682-45cc-b8f7-51854420da7d,1290,Duplicate charges reported by customers,Customers report being charged twice; the idempotency key is not honored on retried authorizations.,payments-gateway,Sev1,Resolved,farah.khan,1,2026-07-29T05:59:00Z,2026-07-29T06:02:00Z,2026-07-29T07:42:15Z,2026-07-29T08:49:05Z,2026-07-29T06:14:00Z,2026-07-29T09:59:00Z,False,Met,Client retry policy bypassed the idempotency key.,Manual,
6fc80c0e-a70d-4c89-b675-d30558b26aa3,1291,Login failures with invalid token errors,Sign-in fails and sessions are dropped; token validation rejects valid tokens in eastus2.,identity,Sev1,Resolved,alice.nguyen,1,2026-07-29T10:55:00Z,2026-07-29T11:06:34Z,2026-07-30T02:11:02Z,2026-07-30T12:14:00Z,2026-07-29T11:10:00Z,2026-07-29T14:55:00Z,False,Breached,Signing key rotation was not propagated to every validator.,AzureMonitor,cdd32289bf5c888d
4b21d89d-41ee-4715-aa97-20840ab6f561,1292,MFA SMS codes not delivered,One-time passcodes sent by SMS are delayed or never delivered to users in eastus2.,identity,Sev3,Resolved,farah.khan,1,2026-07-30T12:35:00Z,2026-07-30T13:24:49Z,,2026-07-30T20:32:40Z,2026-07-30T16:35:00Z,2026-08-02T12:35:00Z,False,Met,SMS provider throttled the sender after a traffic burst.,AzureMonitor,e5f299333390b9f3
439fe621-6790-48af-b339-362dc5ee7957,1293,Push notifications failing for Android devices,Android push notifications fail with invalid credentials from the push provider.,notifications,Sev3,Resolved,alice.nguyen,1,2026-07-30T13:08:00Z,2026-07-30T14:58:16Z,,2026-07-31T15:03:01Z,2026-07-30T17:08:00Z,2026-08-02T13:08:00Z,False,Met,Push provider credentials expired.,Manual,
1c1f7e46-5309-4654-8f1d-76d69e71353f,1294,Order placement failing with HTTP 500,Customers cannot place orders; POST /orders returns HTTP 500 in westeurope.,checkout,Sev1,Resolved,farah.khan,1,2026-07-30T20:11:00Z,2026-07-30T20:19:29Z,2026-07-30T20:24:54Z,2026-07-30T20:28:30Z,2026-07-30T20:26:00Z,2026-07-31T00:11:00Z,False,Met,Null reference in promotion rules after a configuration change.,Alertmanager,07c05ba79ce6c530
6e464ebb-df32-4c53-9e5c-c1bb5bd11deb,1295,Order placement failing with HTTP 500,Customers cannot place orders; POST /orders returns HTTP 500 in westeurope.,checkout,Sev1,Resolved,farah.khan,1,2026-07-31T02:28:00Z,2026-07-31T02:33:30Z,2026-07-31T06:08:49Z,2026-07-31T08:32:21Z,2026-07-31T02:43:00Z,2026-07-31T06:28:00Z,False,Breached,Null reference in promotion rules after a configuration change.,Alertmanager,55763ac4ce6101ce
b4ed6f4d-e9b6-46ee-b2e7-fd26686178b0,1296,Push notifications failing for Android devices,Android push notifications fail with invalid credentials from the push provider.,notifications,Sev3,Resolved,farah.khan,1,2026-07-31T06:18:00Z,2026-07-31T08:09:24Z,2026-08-01T06:02:37Z,2026-08-01T20:38:06Z,2026-07-31T10:18:00Z,2026-08-03T06:18:00Z,False,Met,Push provider credentials expired.,Manual,
86bb87a9-2391-41fb-9610-346592ebbc6c,1297,Promo code validation rejecting valid codes,Valid campaign promo codes are rejected as invalid at checkout.,checkout,Sev3,Resolved,farah.khan,1,2026-07-31T08:55:00Z,2026-07-31T10:48:46Z,2026-08-01T00:41:00Z,2026-08-01T09:55:49Z,2026-07-31T12:55:00Z,2026-08-03T08:55:00Z,False,Met,Stale promotion cache after a campaign update.,Manual,
f59d41f9-c8f9-4e87-8f1f-3c637ba9b6cf,1298,Search results stale after catalog update,Product search shows outdated prices and stock; index lag is 57 minutes.,search,Sev3,Resolved,farah.khan,1,2026-07-31T19:52:00Z,2026-07-31T20:10:11Z,2026-08-01T16:49:34Z,2026-08-02T06:35:50Z,2026-07-31T23:52:00Z,2026-08-03T19:52:00Z,False,Met,Indexer stuck on a poison message.,Manual,
0e093c89-557f-487c-9d92-fec4b2184d0b,1299,Database connection pool exhausted on notifications,Requests fail with connection pool timeout errors; active connections are pinned at the maximum of 5000.,notifications,Sev3,Resolved,farah.khan,1,2026-07-31T23:18:00Z,2026-08-01T00:26:06Z,2026-08-01T04:56:38Z,2026-08-01T07:57:00Z,2026-08-01T03:18:00Z,2026-08-03T23:18:00Z,False,Met,Connection leak in an error path that skipped disposing the connection.,AzureMonitor,e0b527791fb9c8c9
c5f1a6ec-fc47-4908-854f-6825f0c396d8,1300,Card authorization timeouts with acquirer,Authorization requests to the acquirer time out after 30 seconds; payment success rate dropped to 59%.,payments-gateway,Sev3,Resolved,alice.nguyen,1,2026-08-01T00:43:00Z,2026-08-01T01:49:01Z,2026-08-02T04:49:25Z,2026-08-02T22:49:41Z,2026-08-01T04:43:00Z,2026-08-04T00:43:00Z,False,Met,Acquirer endpoint degradation with no failover to the secondary acquirer.,Alertmanager,1f5a617ddee4febf
b70bc867-7be8-4471-a91f-09ead5684a37,1301,Push notifications failing for Android devices,Android push notifications fail with invalid credentials from the push provider.,notifications,Sev3,Resolved,farah.khan,3,2026-08-01T09:49:00Z,2026-08-01T19:28:02Z,2026-08-02T16:15:20Z,2026-08-03T06:06:52Z,2026-08-01T21:49:00Z,2026-08-04T09:49:00Z,True,Breached,Push provider credentials expired.,Manual,
12b288f6-e724-49d1-a7dd-e8d1ef5ac439,1302,Email delivery queue backlog,Outbound email queue depth is above 5000; transactional emails are delayed.,notifications,Sev2,Resolved,farah.khan,2,2026-08-02T10:07:00Z,2026-08-02T11:04:14Z,2026-08-02T11:49:18Z,2026-08-02T12:19:21Z,2026-08-02T11:07:00Z,2026-08-02T18:07:00Z,True,Breached,Queue consumer crash loop after a dependency upgrade.,Alertmanager,d805b118c20e3913
6bd63281-fde2-4617-bb84-7441921504f0,1303,Search cluster high CPU and slow queries,Search query latency is above 800ms with cluster CPU at 95% on data nodes.,search,Sev3,Resolved,farah.khan,1,2026-08-02T22:52:00Z,2026-08-02T23:30:51Z,2026-08-03T17:55:31Z,2026-08-04T06:11:58Z,2026-08-03T02:52:00Z,2026-08-05T22:52:00Z,False,Met,Expensive wildcard queries introduced by a new filter.,AzureMonitor,3d22b05ab109c39d
f2bc5ed3-4077-491c-bef6-0cf395fc707b,1304,Push notifications failing for Android devices,Android push notifications fail with invalid credentials from the push provider.,notifications,Sev4,Resolved,alice.nguyen,1,2026-08-03T23:38:00Z,2026-08-04T06:36:36Z,2026-08-05T13:03:32Z,2026-08-06T09:21:29Z,2026-08-04T23:38:00Z,2026-08-13T23:38:00Z,False,Met,Push provider credentials expired.,Manual,
b7e5342b-a798-4f07-b658-7ed002ca1876,1305,Search cluster high CPU and slow queries,Search query latency is above 800ms with cluster CPU at 95% on data nodes.,search,Sev2,Resolved,alice.nguyen,1,2026-08-05T20:17:00Z,2026-08-05T20:21:47Z,,2026-08-06T00:31:09Z,2026-08-05T20:47:00Z,2026-08-06T04:17:00Z,False,Met,Expensive wildcard queries introduced by a new filter.,Alertmanager,5700d09dfdf2fd97
7554c4c1-ae48-4963-9b56-d27571fc2d16,1306,Payment webhook delivery backlog,Payment status webhooks are queued and delayed by 94 minutes.,payments-gateway,Sev3,Resolved,alice.nguyen,1,2026-08-06T09:50:00Z,2026-08-06T12:15:30Z,,2026-08-08T03:27:46Z,2026-08-06T13:50:00Z,2026-08-09T09:50:00Z,False,Met,Webhook consumer scaled to zero after an autoscaling rule change.,Alertmanager,7dd6e631f7eb8b8f
1ec5a1a4-4f91-4521-ab22-021df3bac7cb,1307,Duplicate charges reported by customers,Customers report being charged twice; the idempotency key is not honored on retried authorizations.,payments-gateway,Sev3,Resolved,alice.nguyen,1,2026-08-06T12:21:00Z,2026-08-06T12:41:13Z,,2026-08-07T10:58:27Z,2026-08-06T16:21:00Z,2026-08-09T12:21:00Z,False,Met,Client retry policy bypassed the idempotency key.,Manual,
920fa7d7-9bff-4f16-8465-ad1325db6eb1,1308,Payment webhook delivery backlog,Payment status webhooks are queued and delayed by 27 minutes.,payments-gateway,Sev2,Resolved,alice.nguyen,1,2026-08-06T13:22:00Z,2026-08-06T13:24:35Z,2026-08-06T18:45:37Z,2026-08-06T22:19:38Z,2026-08-06T13:52:00Z,2026-08-06T21:22:00Z,False,Breached,Webhook consumer scaled to zero after an autoscaling rule change.,Manual,
e5a2a659-9c82-4cb4-8e10-76e1ec181e7d,1309,Error rate spike after deployment of payments-gateway,Error rate rose to 40% minutes after a release in eastus2; the release was rolled back.,payments-gateway,Sev2,Resolved,alice.nguyen,1,2026-08-06T23:58:00Z,2026-08-07T00:01:33Z,2026-08-07T04:06:53Z,2026-08-07T06:50:27Z,2026-08-07T00:28:00Z,2026-08-07T07:58:00Z,False,Met,Regression shipped without canary analysis.,AzureMonitor,fb2124fc46541c3b
14e24f73-e00d-456f-8989-9314d61426f5,1310,Error rate spike after deployment of payments-gateway,Error rate rose to 53% minutes after a release in brazilsouth; the release was rolled back.,payments-gateway,Sev2,Resolved,alice.nguyen,1,2026-08-07T02:32:00Z,2026-08-07T02:33:42Z,,2026-08-07T04:40:24Z,2026-08-07T03:02:00Z,2026-08-07T10:32:00Z,False,Met,Regression shipped without canary analysis.,AzureMonitor,fef71a7748773078
f3ac6d55-701a-4873-a26f-7769dd8fb848,1311,Database connection pool exhausted on payments-gateway,Requests fail with connection pool timeout errors; active connections are pinned at the maximum of 100.,payments-gateway,Sev2,Resolved,alice.nguyen,1,2026-08-07T05:10:00Z,2026-08-07T05:11:34Z,,2026-08-07T07:10:47Z,2026-08-07T05:40:00Z,2026-08-07T13:10:00Z,False,Met,Connection leak in an error path that skipped disposing the connection.,Alertmanager,632a8bf7858a67f4
58ae35e2-a93e-487f-8621-585943780354,1312,Payment webhook delivery backlog,Payment status webhooks are queued and delayed by 57 minutes.,payments-gateway,Sev3,Resolved,alice.nguyen,1,2026-08-08T02:37:00Z,2026-08-08T06:10:08Z,,2026-08-09T02:49:33Z,2026-08-08T06:37:00Z,2026-08-11T02:37:00Z,False,Met,Webhook consumer scaled to zero after an autoscaling rule change.,Manual,
959913a0-c175-4d6e-881c-123ca298a634,1313,Report export timeouts for large date ranges,CSV report exports time out for date ranges longer than 12 days.,reporting,Sev3,Resolved,alice.nguyen,1,2026-08-08T15:17:00Z,2026-08-08T16:19:28Z,2026-08-09T09:33:17Z,2026-08-09T21:02:30Z,2026-08-08T19:17:00Z,2026-08-11T15:17:00Z,False,Met,Unbounded query without pagination.,Manual,
bd299c40-e08b-484a-9b56-29d224727b76,1314,Card authorization timeouts with acquirer,Authorization requests to the acquirer time out after 30 seconds; payment success rate dropped to 58%.,payments-gateway,Sev1,Resolved,alice.nguyen,1,2026-08-08T16:22:00Z,2026-08-08T16:35:25Z,2026-08-08T18:38:42Z,2026-08-08T20:00:53Z,2026-08-08T16:37:00Z,2026-08-08T20:22:00Z,False,Met,Acquirer endpoint degradation with no failover to the secondary acquirer.,AzureMonitor,7ece38234bba3adf
65b73b6b-9e9f-4b22-974c-b68cdce742a0,1315,Duplicate charges reported by customers,Customers report being charged twice; the idempotency key is not honored on retried authorizations.,payments-gateway,Sev3,Resolved,alice.nguyen,2,2026-08-08T17:19:00Z,2026-08-08T21:40:18Z,2026-08-09T13:07:12Z,2026-08-09T23:25:08Z,2026-08-09T01:19:00Z,2026-08-11T17:19:00Z,True,Breached,Client retry policy bypassed the idempotency key.,Manual,
9a9d511b-8908-4e00-a461-1215906c4e86,1316,Card authorization timeouts with acquirer,Authorization requests to the acquirer time out after 30 seconds; payment success rate dropped to 83%.,payments-gateway,Sev2,Resolved,alice.nguyen,1,2026-08-08T17:24:00Z,2026-08-08T17:31:16Z,2026-08-08T18:57:41Z,2026-08-08T19:55:18Z,2026-08-08T17:54:00Z,2026-08-09T01:24:00Z,False,Met,Acquirer endpoint degradation with no failover to the secondary acquirer.,AzureMonitor,b8762a1e21f667b9
c6613b85-a6f5-4688-a2f4-49ee1bcc5028,1317,Duplicate charges reported by customers,Customers report being charged twice; the idempotency key is not honored on retried authorizations.,payments-gateway,Sev2,Resolved,alice.nguyen,1,2026-08-08T18:01:00Z,2026-08-08T18:11:34Z,2026-08-09T02:47:15Z,2026-08-09T08:31:03Z,2026-08-08T18:31:00Z,2026-08-09T02:01:00Z,False,Breached,Client retry policy bypassed the idempotency key.,Manual,
56879e48-9fc5-4c1d-af38-593b6a7a1e65,1318,Search results stale after catalog update,Product search shows outdated prices and stock; index lag is 18 minutes.,search,Sev3,Resolved,alice.nguyen,1,2026-08-08T22:31:00Z,2026-08-08T23:00:43Z,2026-08-09T08:07:14Z,2026-08-09T14:11:35Z,2026-08-09T02:31:00Z,2026-08-11T22:31:00Z,False,Met,Indexer stuck on a poison message.,AzureMonitor,242165ed3e26ef22
8d7eab3e-8e2f-4493-95c9-5fbff97db17e,1319,Nightly reporting ETL job failed,The nightly ETL job failed and dashboards show the previous day's data.,reporting,Sev3,Resolved,alice.nguyen,1,2026-08-08T23:03:00Z,2026-08-09T00:59:43Z,2026-08-19T07:34:57Z,2026-08-26T03:58:26Z,2026-08-09T03:03:00Z,2026-08-11T23:03:00Z,False,Breached,Upstream schema change in the orders export.,Alertmanager,ffc094a066d685d6
bab9000e-cdd9-4e48-8a16-61ec3423a77d,1320,Search results stale after catalog update,Product search shows outdated prices and stock; index lag is 93 minutes.,search,Sev3,Resolved,alice.nguyen,1,2026-08-09T04:14:00Z,2026-08-09T07:04:07Z,2026-08-09T11:50:37Z,2026-08-09T15:01:37Z,2026-08-09T08:14:00Z,2026-08-12T04:14:00Z,False,Met,Indexer stuck on a poison message.,Manual,
a44503b4-8845-4044-a199-d10a681d548e,1321,TLS certificate expiring on payments-gateway endpoint,The public certificate for payments-gateway expires in 22 days and automated renewal did not run.,payments-gateway,Sev3,Resolved,alice.nguyen,1,2026-08-09T10:10:00Z,2026-08-09T10:33:21Z,,2026-08-10T14:25:39Z,2026-08-09T14:10:00Z,2026-08-12T10:10:00Z,False,Met,Certificate renewal job was disabled during a pipeline migration.,AzureMonitor,4e85a45b58b7e03f
2aeca5e7-3c0d-42ca-aed8-9a42ebe7726c,1322,Card authorization timeouts with acquirer,Authorization requests to the acquirer time out after 30 seconds; payment success rate dropped to 68%.,payments-gateway,Sev3,Resolved,alice.nguyen,1,2026-08-09T10:19:00Z,2026-08-09T11:11:44Z,,2026-08-12T17:51:23Z,2026-08-09T14:19:00Z,2026-08-12T10:19:00Z,False,Breached,Acquirer endpoint degradation with no failover to the secondary acquirer.,AzureMonitor,e68e346cc1080159
98847f75-ed4e-4205-b2bc-5345982bb9fd,1323,Report export timeouts for large date ranges,CSV report exports time out for date ranges longer than 20 days.,reporting,Sev3,Resolved,alice.nguyen,1,2026-08-10T12:27:00Z,2026-08-10T13:24:40Z,,2026-08-13T02:07:17Z,2026-08-10T16:27:00Z,2026-08-13T12:27:00Z,False,Met,Unbounded query without pagination.,Manual,
4d3273ac-b01b-43ea-92ed-5711008fb553,1324,Database connection pool exhausted on payments-gateway,Requests fail with connection pool timeout errors; active connections are pinned at the maximum of 200.,payments-gateway,Sev2,Resolved,bruno.costa,2,2026-08-11T08:05:00Z,2026-08-11T08:37:52Z,2026-08-11T10:34:46Z,2026-08-11T11:52:42Z,2026-08-11T09:05:00Z,2026-08-11T16:05:00Z,True,Breached,Connection leak in an error path that skipped disposing the connection.,AzureMonitor,80307b885362a1e0
0af4c434-7714-4ac0-b896-5a3486f14526,1325,Card authorization timeouts with acquirer,Authorization requests to the acquirer time out after 30 seconds; payment success rate dropped to 40%.,payments-gateway,Sev3,Resolved,bruno.costa,1,2026-08-11T13:09:00Z,2026-08-11T13:43:54Z,2026-08-11T19:57:38Z,2026-08-12T00:06:47Z,2026-08-11T17:09:00Z,2026-08-14T13:09:00Z,False,Met,Acquirer endpoint degradation with no failover to the secondary acquirer.,Alertmanager,e20006a30b4a4dbb
201c6230-7931-4d4d-92d9-6c45dbe0c106,1326,Dead-lettered messages on incident-events topic,Dead-lettered message count on the incident-events topic is above 100.,platform,Sev3,Resolved,bruno.costa,1,2026-08-11T13:25:00Z,2026-08-11T15:53:52Z,2026-08-12T21:10:31Z,2026-08-13T16:41:37Z,2026-08-11T17:25:00Z,2026-08-14T13:25:00Z,False,Met,Consumer rejected messages carrying an outdated schema version.,Alertmanager,1ca7933b9a296715
f3c2d508-15aa-4281-9541-24ed24812cbe,1327,Promo code validation rejecting valid codes,Valid campaign promo codes are rejected as invalid at checkout.,checkout,Sev4,Resolved,bruno.costa,1,2026-08-13T15:09:00Z,2026-08-13T20:29:47Z,2026-08-14T18:05:00Z,2026-08-15T08:28:28Z,2026-08-14T15:09:00Z,2026-08-23T15:09:00Z,False,Met,Stale promotion cache after a campaign update.,Manual,
d8745a4b-6ace-4ddd-8bf2-2e5b054a833d,1328,Payment webhook delivery backlog,Payment status webhooks are queued and delayed by 89 minutes.,payments-gateway,Sev3,Resolved,bruno.costa,1,2026-08-13T20:45:00Z,2026-08-13T21:53:22Z,2026-08-14T08:31:48Z,2026-08-14T15:37:26Z,2026-08-14T00:45:00Z,2026-08-16T20:45:00Z,False,Met,Webhook consumer scaled to zero after an autoscaling rule change.,AzureMonitor,233d08edd2851b14
ac996b87-7848-4ef1-b058-1299d4732c70,1329,Push notifications failing for Android devices,Android push notifications fail with invalid credentials from the push provider.,notifications,Sev4,Resolved,bruno.costa,1,2026-08-14T05:34:00Z,2026-08-14T15:45:04Z,2026-08-16T17:41:56Z,2026-08-18T02:59:50Z,2026-08-15T05:34:00Z,2026-08-24T05:34:00Z,False,Met,Push provider credentials expired.,Alertmanager,885bc9b711be4493
a096643a-bf88-409f-904e-c63259ca8d71,1330,Duplicate charges reported by customers,Customers report being charged twice; the idempotency key is not honored on retried authorizations.,payments-gateway,Sev2,Resolved,bruno.costa,1,2026-08-14T07:17:00Z,2026-08-14T07:31:01Z,2026-08-14T11:05:06Z,2026-08-14T13:27:49Z,2026-08-14T07:47:00Z,2026-08-14T15:17:00Z,False,Met,Client retry policy bypassed the idempotency key.,Manual,
5bab9590-0d0c-4500-a5ae-ea071b1d7cf7,1331,Error rate spike after deployment of payments-gateway,Error rate rose to 57% minutes after a release in eastus2; the release was rolled back.,payments-gateway,Sev4,Resolved,bruno.costa,1,2026-08-14T14:36:00Z,2026-08-14T17:44:05Z,,2026-08-16T03:27:15Z,2026-08-15T14:36:00Z,2026-08-24T14:36:00Z,False,Met,Regression shipped without canary analysis.,Manual,
50532267-208a-4517-9cd4-d3142736e064,1332,Email delivery queue backlog,Outbound email queue depth is above 5000; transactional emails are delayed.,notifications,Sev3,Resolved,carla.mendes,1,2026-08-14T18:56:00Z,2026-08-14T21:47:33Z,,2026-08-15T06:52:36Z,2026-08-14T22:56:00Z,2026-08-17T18:56:00Z,False,Met,Queue consumer crash loop after a dependency upgrade.,Alertmanager,95929ed8f906491d
9a757769-93a2-4141-86e0-a26c26806e82,1333,Database connection pool exhausted on platform,Requests fail with connection pool timeout errors; active connections are pinned at the maximum of 500.,platform,Sev3,Resolved,carla.mendes,1,2026-08-15T00:33:00Z,2026-08-15T03:45:32Z,2026-08-16T10:22:01Z,2026-08-17T06:46:20Z,2026-08-15T04:33:00Z,2026-08-18T00:33:00Z,False,Met,Connection leak in an error path that skipped disposing the connection.,Alertmanager,aa948b2e875a3cfc
5bf0179e-eb81-4503-ae90-4533a925e8e8,1334,Report export timeouts for large date ranges,CSV report exports time out for date ranges longer than 14 days.,reporting,Sev4,Resolved,bruno.costa,1,2026-08-15T17:20:00Z,2026-08-16T08:07:51Z,,2026-08-20T23:43:18Z,2026-08-16T17:20:00Z,2026-08-25T17:20:00Z,False,Met,Unbounded query without pagination.,Alertmanager,665e8c85466c4095
dd7428ed-37bc-43b3-80ce-98534ee53bcb,1335,Login failures with invalid token errors,Sign-in fails and sessions are dropped; token validation rejects valid tokens in eastus2.,identity,Sev2,Resolved,bruno.costa,1,2026-08-16T02:20:00Z,2026-08-16T02:37:46Z,2026-08-16T04:25:54Z,2026-08-16T05:37:59Z,2026-08-16T02:50:00Z,2026-08-16T10:20:00Z,False,Met,Signing key rotation was not propagated to every validator.,AzureMonitor,242ac1a66bb21006
4e4f00be-a4ef-40a9-b0fe-e49472853efd,1336,Search cluster high CPU and slow queries,Search query latency is above 800ms with cluster CPU at 95% on data nodes.,search,Sev2,Resolved,bruno.costa,1,2026-08-16T14:09:00Z,2026-08-16T14:17:37Z,2026-08-16T14:32:46Z,2026-08-16T14:42:52Z,2026-08-16T14:39:00Z,2026-08-16T22:09:00Z,False,Met,Expensive wildcard queries introduced by a new filter.,Alertmanager,f3f38880cf9c6c86
e58b4fd3-5d6b-4ed9-b491-56efebb54c41,1337,Checkout API p99 latency above 1200ms,Cart and order placement requests are slow in westeurope; p99 latency stayed above 1200ms for more than ten minutes.,checkout,Sev3,Resolved,bruno.costa,1,2026-08-17T10:49:00Z,2026-08-17T11:25:02Z,2026-08-19T00:57:37Z,2026-08-20T01:59:21Z,2026-08-17T14:49:00Z,2026-08-20T10:49:00Z,False,Met,Slow query on the orders table after an index was dropped.,Alertmanager,34de3ecad37864ce
410e210b-4465-4f23-a2d3-56576f5b896f,1338,Search results stale after catalog update,Product search shows outdated prices and stock; index lag is 57 minutes.,search,Sev2,Resolved,bruno.costa,3,2026-08-17T12:16:00Z,2026-08-17T13:16:47Z,2026-08-18T10:09:41Z,2026-08-19T00:04:57Z,2026-08-17T13:46:00Z,2026-08-17T20:16:00Z,True,Breached,Indexer stuck on a poison message.,Manual,
e6b490cd-d743-4fe2-992a-885ab501d68e,1339,Card authorization timeouts with acquirer,Authorization requests to the acquirer time out after 30 seconds; payment success rate dropped to 55%.,payments-gateway,Sev2,Resolved,carla.mendes,1,2026-08-18T04:33:00Z,2026-08-18T04:40:57Z,,2026-08-18T05:10:36Z,2026-08-18T05:03:00Z,2026-08-18T12:33:00Z,False,Met,Acquirer endpoint degradation with no failover to the secondary acquirer.,Alertmanager,a014c4960e277973
602c22ea-b033-4e3b-89a6-a84c0d4b7d9f,1340,Payment webhook delivery backlog,Payment status webhooks are queued and delayed by 89 minutes.,payments-gateway,Sev4,Resolved,carla.mendes,1,2026-08-21T20:19:00Z,2026-08-22T12:47:13Z,2026-08-25T11:29:21Z,2026-08-27T10:37:26Z,2026-08-22T20:19:00Z,2026-08-31T20:19:00Z,False,Met,Webhook consumer scaled to zero after an autoscaling rule change.,AzureMonitor,7222470fa049551f
2b936214-6387-4da1-8c25-d309463374a0,1341,TLS certificate expiring on platform endpoint,The public certificate for platform expires in 11 days and automated renewal did not run.,platform,Sev3,Resolved,carla.mendes,1,2026-08-22T00:26:00Z,2026-08-22T01:20:04Z,2026-08-22T05:03:12Z,2026-08-22T07:31:58Z,2026-08-22T04:26:00Z,2026-08-25T00:26:00Z,False,Met,Certificate renewal job was disabled during a pipeline migration.,Alertmanager,fa7d18a00bbc69bd
8fd9f351-43b0-4908-a0c1-1a401cf86e46,1342,Email delivery queue backlog,Outbound email queue depth is above 100; transactional emails are delayed.,notifications,Sev3,Resolved,carla.mendes,1,2026-08-22T01:52:00Z,2026-08-22T02:49:04Z,2026-08-22T16:18:57Z,2026-08-23T01:18:53Z,2026-08-22T05:52:00Z,2026-08-25T01:52:00Z,False,Met,Queue consumer crash loop after a dependency upgrade.,AzureMonitor,f3158712b03df493
c5871638-c608-42ca-b342-c864ac03f754,1343,Login failures with invalid token errors,Sign-in fails and sessions are dropped; token validation rejects valid tokens in brazilsouth.,identity,Sev2,Resolved,carla.mendes,2,2026-08-22T08:47:00Z,2026-08-22T09:38:21Z,2026-08-22T12:29:56Z,2026-08-22T14:24:20Z,2026-08-22T09:47:00Z,2026-08-22T16:47:00Z,True,Breached,Signing key rotation was not propagated to every validator.,Manual,
4f3cbd2f-bcb7-4e04-a558-d16f662c5f45,1344,Login failures with invalid token errors,Sign-in fails and sessions are dropped; token validation rejects valid tokens in eastus2.,identity,Sev1,Resolved,carla.mendes,1,2026-08-22T12:52:00Z,2026-08-22T12:59:37Z,2026-08-22T13:09:57Z,2026-08-22T13:16:51Z,2026-08-22T13:07:00Z,2026-08-22T16:52:00Z,False,Met,Signing key rotation was not propagated to every validator.,Alertmanager,5e1388997842f4e8
5447b6f5-d311-4aad-86a1-e4a840343751,1345,Checkout API p99 latency above 800ms,Cart and order placement requests are slow in southeastasia; p99 latency stayed above 800ms for more than ten minutes.,checkout,Sev3,Resolved,carla.mendes,1,2026-08-22T21:41:00Z,2026-08-22T22:55:29Z,2026-08-23T20:16:15Z,2026-08-24T10:30:06Z,2026-08-23T01:41:00Z,2026-08-25T21:41:00Z,False,Met,Slow query on the orders table after an index was dropped.,Alertmanager,80992906666f02d5
009c99d4-5b5d-4a65-8f05-210ee8ca458c,1346,Order placement failing with HTTP 500,Customers cannot place orders; POST /orders returns HTTP 500 in southeastasia.,checkout,Sev2,Resolved,carla.mendes,1,2026-08-22T23:31:00Z,2026-08-22T23:47:02Z,2026-08-23T01:50:13Z,2026-08-23T03:12:21Z,2026-08-23T00:01:00Z,2026-08-23T07:31:00Z,False,Met,Null reference in promotion rules after a configuration change.,AzureMonitor,69d37b80356810b9
ca85bab6-090d-4dc2-aea5-c13d4c8da4d8,1347,Search results stale after catalog update,Product search shows outdated prices and stock; index lag is 59 minutes.,search,Sev3,Resolved,carla.mendes,3,2026-08-23T03:05:00Z,2026-08-23T13:05:45Z,2026-08-24T14:38:31Z,2026-08-25T07:40:22Z,2026-08-23T15:05:00Z,2026-08-26T03:05:00Z,True,Breached,Indexer stuck on a poison message.,Manual,
6a77c57c-c0a9-4168-b41f-6b51cc7ffba9,1348,Database connection pool exhausted on checkout,Requests fail with connection pool timeout errors; active connections are pinned at the maximum of 5000.,checkout,Sev2,Resolved,carla.mendes,1,2026-08-23T18:55:00Z,2026-08-23T19:03:07Z,,2026-08-23T23:28:53Z,2026-08-23T19:25:00Z,2026-08-24T02:55:00Z,False,Met,Connection leak in an error path that skipped disposing the connection.,AzureMonitor,c95c6cd833e92c61
788d1714-d3c6-4c56-95cf-a11aa011171b,1349,MFA SMS codes not delivered,One-time passcodes sent by SMS are delayed or never delivered to users in southeastasia.,identity,Sev3,Resolved,carla.mendes,1,2026-08-23T23:41:00Z,2026-08-24T02:18:51Z,2026-08-25T07:57:25Z,2026-08-26T03:43:08Z,2026-08-24T03:41:00Z,2026-08-26T23:41:00Z,False,Met,SMS provider throttled the sender after a traffic burst.,Manual,
dae8aec4-30fd-4993-a48f-175f55a4ee8e,1350,TLS certificate expiring on checkout endpoint,The public certificate for checkout expires in 3 days and automated renewal did not run.,checkout,Sev3,Resolved,erin.walsh,1,2026-08-24T16:57:00Z,2026-08-24T17:13:09Z,2026-08-26T00:49:46Z,2026-08-26T21:54:11Z,2026-08-24T20:57:00Z,2026-08-27T16:57:00Z,False,Met,Certificate renewal job was disabled during a pipeline migration.,AzureMonitor,4f5063a5ce5b7adc
a7d6dc42-0d79-400e-97db-193cef29dca2,1351,Nightly reporting ETL job failed,The nightly ETL job failed and dashboards show the previous day's data.,reporting,Sev4,Resolved,diego.ramos,3,2026-08-25T06:22:00Z,2026-08-30T05:27:36Z,2026-08-30T09:52:19Z,2026-08-30T12:48:47Z,2026-08-28T06:22:00Z,2026-09-04T06:22:00Z,True,Breached,Upstream schema change in the orders export.,Manual,
27dccd94-7560-4a33-b434-ca637ba418f4,1352,Search cluster high CPU and slow queries,Search query latency is above 800ms with cluster CPU at 95% on data nodes.,search,Sev4,Resolved,diego.ramos,1,2026-08-26T07:07:00Z,2026-08-26T08:45:11Z,2026-09-07T23:40:13Z,2026-09-16T09:36:55Z,2026-08-27T07:07:00Z,2026-09-05T07:07:00Z,False,Breached,Expensive wildcard queries introduced by a new filter.,AzureMonitor,858d8fd50da8f55e
a3e8c9d4-5db1-4fe7-a683-d95e7616d115,1353,TLS certificate expiring on notifications endpoint,The public certificate for notifications expires in 8 days and automated renewal did not run.,notifications,Sev3,Resolved,diego.ramos,1,2026-08-27T06:12:00Z,2026-08-27T06:27:17Z,2026-08-28T14:03:48Z,2026-08-29T11:08:08Z,2026-08-27T10:12:00Z,2026-08-30T06:12:00Z,False,Met,Certificate renewal job was disabled during a pipeline migration.,Alertmanager,d0efa576067e4887
567b5f24-18a8-4739-aefd-616b44700480,1354,Checkout API p99 latency above 1500ms,Cart and order placement requests are slow in westeurope; p99 latency stayed above 1500ms for more than ten minutes.,checkout,Sev1,Resolved,erin.walsh,1,2026-08-27T12:38:00Z,2026-08-27T12:41:21Z,2026-08-27T14:39:50Z,2026-08-27T15:58:49Z,2026-08-27T12:53:00Z,2026-08-27T16:38:00Z,False,Met,Slow query on the orders table after an index was dropped.,Alertmanager,0b2f08e645970754
cf1227b4-eff2-4a43-914f-94cb271cce9b,1355,Database connection pool exhausted on checkout,Requests fail with connection pool timeout errors; active connections are pinned at the maximum of 5000.,checkout,Sev1,Resolved,diego.ramos,1,2026-08-27T19:48:00Z,2026-08-27T19:51:08Z,,2026-08-27T21:30:17Z,2026-08-27T20:03:00Z,2026-08-27T23:48:00Z,False,Met,Connection leak in an error path that skipped disposing the connection.,Alertmanager,82baf5466bff519f
3980e868-1771-4c5c-8729-a2c77ee6ef86,1356,Dead-lettered messages on incident-events topic,Dead-lettered message count on the incident-events topic is above 500.,platform,Sev2,Resolved,diego.ramos,1,2026-08-29T00:52:00Z,2026-08-29T01:05:37Z,,2026-08-29T01:26:29Z,2026-08-29T01:22:00Z,2026-08-29T08:52:00Z,False,Met,Consumer rejected messages carrying an outdated schema version.,Alertmanager,e9ade5d679083251
dc879e92-2a9c-46aa-8b5c-d86b506068bd,1357,MFA SMS codes not delivered,One-time passcodes sent by SMS are delayed or never delivered to users in brazilsouth.,identity,Sev3,Resolved,diego.ramos,3,2026-08-29T01:04:00Z,2026-08-29T12:02:08Z,,2026-09-01T02:28:06Z,2026-08-29T13:04:00Z,2026-09-01T01:04:00Z,True,Breached,SMS provider throttled the sender after a traffic burst.,Manual,
c47bb276-117d-4b82-8d63-e48c102f7755,1358,Push notifications failing for Android devices,Android push notifications fail with invalid credentials from the push provider.,notifications,Sev3,Resolved,diego.ramos,1,2026-08-29T11:29:00Z,2026-08-29T14:26:38Z,2026-08-30T01:54:54Z,2026-08-30T09:33:45Z,2026-08-29T15:29:00Z,2026-09-01T11:29:00Z,False,Met,Push provider credentials expired.,Manual,
c98ec40b-a579-4db4-b31d-06056eeed1e7,1359,Search results stale after catalog update,Product search shows outdated prices and stock; index lag is 86 minutes.,search,Sev3,Resolved,diego.ramos,1,2026-08-29T18:20:00Z,2026-08-29T18:44:15Z,,2026-09-03T18:50:52Z,2026-08-29T22:20:00Z,2026-09-01T18:20:00Z,False,Breached,Indexer stuck on a poison message.,AzureMonitor,fe6a64a5af895e11
3c5de5f9-4b91-4eb7-9ba1-3fd68280eee3,1360,Login failures with invalid token errors,Sign-in fails and sessions are dropped; token validation rejects valid tokens in southeastasia.,identity,Sev2,Resolved,diego.ramos,1,2026-08-29T22:23:00Z,2026-08-29T22:37:21Z,2026-08-30T09:27:26Z,2026-08-30T16:40:50Z,2026-08-29T22:53:00Z,2026-08-30T06:23:00Z,False,Breached,Signing key rotation was not propagated to every validator.,AzureMonitor,c93ed1b52d0b92f7
80378b55-2b22-4b2c-91e6-b9c71a3d8e93,1361,Payment webhook delivery backlog,Payment status webhooks are queued and delayed by 110 minutes.,payments-gateway,Sev3,Resolved,diego.ramos,2,2026-08-30T19:16:00Z,2026-08-31T00:02:51Z,2026-08-31T10:55:29Z,2026-08-31T18:10:35Z,2026-08-31T03:16:00Z,2026-09-02T19:16:00Z,True,Breached,Webhook consumer scaled to zero after an autoscaling rule change.,AzureMonitor,07daabaae3c78c18
1ce523d8-8125-43f3-8c5a-514b9af3ab8f,1362,Push notifications failing for Android devices,Android push notifications fail with invalid credentials from the push provider.,notifications,Sev3,Resolved,farah.khan,1,2026-08-31T20:39:00Z,2026-08-31T22:03:04Z,2026-09-04T11:14:11Z,2026-09-06T20:01:36Z,2026-09-01T00:39:00Z,2026-09-03T20:39:00Z,False,Breached,Push provider credentials expired.,Manual,
2401fdfe-366a-4d51-b9d6-d4fbb91d13a1,1363,Card authorization timeouts with acquirer,Authorization requests to the acquirer time out after 30 seconds; payment success rate dropped to 68%.,payments-gateway,Sev1,Resolved,erin.walsh,1,2026-09-02T03:59:00Z,2026-09-02T04:04:29Z,,2026-09-02T07:48:54Z,2026-09-02T04:14:00Z,2026-09-02T07:59:00Z,False,Met,Acquirer endpoint degradation with no failover to the secondary acquirer.,Manual,
4ff005de-1c3b-45bc-86b6-f986c5d03164,1364,Payment webhook delivery backlog,Payment status webhooks are queued and delayed by 97 minutes.,payments-gateway,Sev2,Resolved,erin.walsh,1,2026-09-02T07:16:00Z,2026-09-02T07:24:34Z,,2026-09-02T10:34:06Z,2026-09-02T07:46:00Z,2026-09-02T15:16:00Z,False,Met,Webhook consumer scaled to zero after an autoscaling rule change.,Alertmanager,c929aa84fef8f6bd
6b50e940-ad89-4400-80d4-b892352d3e87,1365,MFA SMS codes not delivered,One-time passcodes sent by SMS are delayed or never delivered to users in brazilsouth.,identity,Sev4,Resolved,farah.khan,1,2026-09-02T08:28:00Z,2026-09-02T12:17:02Z,,2026-09-05T08:10:22Z,2026-09-03T08:28:00Z,2026-09-12T08:28:00Z,False,Met,SMS provider throttled the sender after a traffic burst.,Manual,
15e9e708-96e0-498d-b82f-c382002899fc,1366,Card authorization timeouts with acquirer,Authorization requests to the acquirer time out after 30 seconds; payment success rate dropped to 66%.,payments-gateway,Sev1,Resolved,erin.walsh,3,2026-09-02T13:24:00Z,2026-09-02T14:04:44Z,,2026-09-02T14:45:59Z,2026-09-02T14:09:00Z,2026-09-02T17:24:00Z,True,Breached,Acquirer endpoint degradation with no failover to the secondary acquirer.,Manual,
e2905444-db49-4d35-9616-b6749601b71f,1367,Search results stale after catalog update,Product search shows outdated prices and stock; index lag is 10 minutes.,search,Sev3,Resolved,erin.walsh,3,2026-09-03T06:15:00Z,2026-09-03T18:16:33Z,2026-09-04T09:09:33Z,2026-09-04T19:04:53Z,2026-09-03T18:15:00Z,2026-09-06T06:15:00Z,True,Breached,Indexer stuck on a poison message.,Manual,
c5095519-7dd3-42f6-8340-59fb50415cf6,1368,Search cluster high CPU and slow queries,Search query latency is above 800ms with cluster CPU at 95% on data nodes.,search,Sev3,Resolved,erin.walsh,1,2026-09-03T08:00:00Z,2026-09-03T09:17:07Z,2026-09-03T20:56:26Z,2026-09-04T04:42:39Z,2026-09-03T12:00:00Z,2026-09-06T08:00:00Z,False,Met,Expensive wildcard queries introduced by a new filter.,Alertmanager,b3ced1530e136753
bd830651-58b4-42db-af73-fde3d6b2ee23,1369,Promo code validation rejecting valid codes,Valid campaign promo codes are rejected as invalid at checkout.,checkout,Sev3,Resolved,erin.walsh,1,2026-09-04T07:32:00Z,2026-09-04T08:16:20Z,2026-09-05T14:13:49Z,2026-09-06T10:12:09Z,2026-09-04T11:32:00Z,2026-09-07T07:32:00Z,False,Met,Stale promotion cache after a campaign update.,Manual,
11b1ad85-2abd-47f2-bd99-ba59e4e1506d,1370,Login failures with invalid token errors,Sign-in fails and sessions are dropped; token validation rejects valid tokens in westeurope.,identity,Sev1,Resolved,erin.walsh,1,2026-09-04T07:49:00Z,2026-09-04T07:58:33Z,2026-09-04T08:43:33Z,2026-09-04T09:13:33Z,2026-09-04T08:04:00Z,2026-09-04T11:49:00Z,False,Met,Signing key rotation was not propagated to every validator.,Manual,
45ebcf48-ac22-45f4-b284-56c255a81dcf,1371,Error rate spike after deployment of reporting,Error rate rose to 62% minutes after a release in southeastasia; the release was rolled back.,reporting,Sev2,Resolved,erin.walsh,1,2026-09-04T11:27:00Z,2026-09-04T11:33:24Z,2026-09-04T12:07:31Z,2026-09-04T12:30:16Z,2026-09-04T11:57:00Z,2026-09-04T19:27:00Z,False,Met,Regression shipped without canary analysis.,Alertmanager,c9c2b264feb77fcb
50c94089-0261-42d6-8323-f67e596ddfc4,1372,Card authorization timeouts with acquirer,Authorization requests to the acquirer time out after 30 seconds; payment success rate dropped to 59%.,payments-gateway,Sev2,Resolved,erin.walsh,3,2026-09-04T21:33:00Z,2026-09-04T22:46:08Z,2026-09-05T01:43:55Z,2026-09-05T03:42:26Z,2026-09-04T23:03:00Z,2026-09-05T05:33:00Z,True,Breached,Acquirer endpoint degradation with no failover to the secondary acquirer.,AzureMonitor,fac10a09c8087443
c92bdd5b-6703-460b-8436-3df4baf633a4,1373,Card authorization timeouts with acquirer,Authorization requests to the acquirer time out after 30 seconds; payment success rate dropped to 82%.,payments-gateway,Sev1,Resolved,erin.walsh,1,2026-09-05T11:42:00Z,2026-09-05T11:45:45Z,2026-09-05T13:54:56Z,2026-09-05T15:21:03Z,2026-09-05T11:57:00Z,2026-09-05T15:42:00Z,False,Met,Acquirer endpoint degradation with no failover to the secondary acquirer.,Alertmanager,49027f283e176556
e167f0e2-fbe7-493a-ac5d-224bedf8dfa6,1374,Database connection pool exhausted on checkout,Requests fail with connection pool timeout errors; active connections are pinned at the maximum of 500.,checkout,Sev2,Resolved,erin.walsh,1,2026-09-05T14:07:00Z,2026-09-05T14:13:04Z,,2026-09-05T15:40:29Z,2026-09-05T14:37:00Z,2026-09-05T22:07:00Z,False,Met,Connection leak in an error path that skipped disposing the connection.,AzureMonitor,e754a7a45b70bc01
4aec8ff9-aa9b-4673-90dd-816eabeb63aa,1375,Payment webhook delivery backlog,Payment status webhooks are queued and delayed by 103 minutes.,payments-gateway,Sev4,Resolved,farah.khan,2,2026-09-05T22:31:00Z,2026-09-07T00:39:38Z,2026-09-14T07:34:07Z,2026-09-19T04:10:26Z,2026-09-07T22:31:00Z,2026-09-15T22:31:00Z,True,Breached,Webhook consumer scaled to zero after an autoscaling rule change.,Manual,
e23ab33f-6dbc-45c3-b27c-976607224a18,1376,Dead-lettered messages on incident-events topic,Dead-lettered message count on the incident-events topic is above 200.,platform,Sev3,Resolved,erin.walsh,1,2026-09-07T00:27:00Z,2026-09-07T01:27:37Z,,2026-09-07T04:29:10Z,2026-09-07T04:27:00Z,2026-09-10T00:27:00Z,False,Met,Consumer rejected messages carrying an outdated schema version.,Alertmanager,f9542590ac3f56b9
450edae8-6a22-48cf-8414-8d24ebb888be,1377,MFA SMS codes not delivered,One-time passcodes sent by SMS are delayed or never delivered to users in eastus2.,identity,Sev3,Resolved,erin.walsh,2,2026-09-07T02:56:00Z,2026-09-07T10:51:59Z,2026-09-07T16:08:53Z,2026-09-07T19:40:09Z,2026-09-07T10:56:00Z,2026-09-10T02:56:00Z,True,Breached,SMS provider throttled the sender after a traffic burst.,Manual,
b86b870f-76c3-4b6a-8e5d-3357116fcab7,1378,Duplicate charges reported by customers,Customers report being charged twice; the idempotency key is not honored on retried authorizations.,payments-gateway,Sev1,Resolved,farah.khan,1,2026-09-08T01:56:00Z,2026-09-08T02:01:31Z,2026-09-08T02:18:18Z,2026-09-08T02:29:29Z,2026-09-08T02:11:00Z,2026-09-08T05:56:00Z,False,Met,Client retry policy bypassed the idempotency key.,Manual,
ad9dc0e1-c380-4af9-9d87-0afb9e061eec,1379,Error rate spike after deployment of search,Error rate rose to 46% minutes after a release in southeastasia; the release was rolled back.,search,Sev3,Resolved,farah.khan,1,2026-09-08T12:35:00Z,2026-09-08T14:49:44Z,2026-09-10T06:52:54Z,2026-09-11T09:35:01Z,2026-09-08T16:35:00Z,2026-09-11T12:35:00Z,False,Met,Regression shipped without canary analysis.,Alertmanager,f7275172af2f4442
abb9a659-eb48-4186-a988-e57906495745,1380,Nightly reporting ETL job failed,The nightly ETL job failed and dashboards show the previous day's data.,reporting,Sev3,Resolved,farah.khan,1,2026-09-09T01:59:00Z,2026-09-09T02:16:22Z,2026-09-09T13:28:06Z,2026-09-09T20:55:55Z,2026-09-09T05:59:00Z,2026-09-12T01:59:00Z,False,Met,Upstream schema change in the orders export.,AzureMonitor,85cedb10fa19227e
9d00fd89-56c7-41fb-bdf4-20e05af7439b,1381,Database connection pool exhausted on checkout,Requests fail with connection pool timeout errors; active connections are pinned at the maximum of 5000.,checkout,Sev2,Resolved,farah.khan,1,2026-09-09T11:43:00Z,2026-09-09T11:53:04Z,2026-09-09T16:53:51Z,2026-09-09T20:14:22Z,2026-09-09T12:13:00Z,2026-09-09T19:43:00Z,False,Breached,Connection leak in an error path that skipped disposing the connection.,AzureMonitor,19d5819cfa6e348b
c6c41be9-03f5-4db0-a35f-cbe5f6f330b7,1382,SLA watchdog function failures,The SLA check function fails on 67% of executions in southeastasia.,platform,Sev3,Resolved,farah.khan,1,2026-09-09T14:04:00Z,2026-09-09T15:21:16Z,2026-09-10T01:51:00Z,2026-09-10T08:50:49Z,2026-09-09T18:04:00Z,2026-09-12T14:04:00Z,False,Met,Managed identity lost its role assignment on the Service Bus namespace.,Alertmanager,c1ac093036181632
b63a4ec8-daf4-48fd-9332-bef5612a914d,1383,SLA watchdog function failures,The SLA check function fails on 51% of executions in brazilsouth.,platform,Sev3,Resolved,farah.khan,1,2026-09-10T05:03:00Z,2026-09-10T06:24:45Z,2026-09-11T07:42:01Z,2026-09-12T00:33:32Z,2026-09-10T09:03:00Z,2026-09-13T05:03:00Z,False,Met,Managed identity lost its role assignment on the Service Bus namespace.,Alertmanager,8554d1c4d4815f32
e7e88376-634b-4eb4-9cc8-74ab0cbfefd1,1384,Database connection pool exhausted on reporting,Requests fail with connection pool timeout errors; active connections are pinned at the maximum of 100.,reporting,Sev3,Resolved,farah.khan,2,2026-09-11T09:24:00Z,2026-09-11T14:00:37Z,2026-09-12T05:29:57Z,2026-09-12T15:49:31Z,2026-09-11T17:24:00Z,2026-09-14T09:24:00Z,True,Breached,Connection leak in an error path that skipped disposing the connection.,AzureMonitor,e1a778b34ff5b8fc
b80a54ab-7419-4789-a3b7-869c3515820c,1385,Nightly reporting ETL job failed,The nightly ETL job failed and dashboards show the previous day's data.,reporting,Sev3,Resolved,farah.khan,1,2026-09-11T18:17:00Z,2026-09-11T20:58:26Z,2026-09-13T08:53:07Z,2026-09-14T08:49:35Z,2026-09-11T22:17:00Z,2026-09-14T18:17:00Z,False,Met,Upstream schema change in the orders export.,Manual,
74a15927-488c-490d-b906-30f8015b0452,1386,Nightly reporting ETL job failed,The nightly ETL job failed and dashboards show the previous day's data.,reporting,Sev4,Resolved,farah.khan,2,2026-09-12T02:56:00Z,2026-09-13T12:33:51Z,,2026-09-16T14:56:46Z,2026-09-14T02:56:00Z,2026-09-22T02:56:00Z,True,Breached,Upstream schema change in the orders export.,Manual,
5249e214-426e-4564-ba46-475bff1121a8,1387,Error rate spike after deployment of checkout,Error rate rose to 82% minutes after a release in southeastasia; the release was rolled back.,checkout,Sev2,Resolved,farah.khan,2,2026-09-12T14:46:00Z,2026-09-12T15:20:53Z,2026-09-12T16:22:30Z,2026-09-12T17:03:35Z,2026-09-12T15:46:00Z,2026-09-12T22:46:00Z,True,Breached,Regression shipped without canary analysis.,Manual,
91a19954-7e74-4393-bc78-92dda758ee2f,1388,Database connection pool exhausted on notifications,Requests fail with connection pool timeout errors; active connections are pinned at the maximum of 5000.,notifications,Sev1,Resolved,farah.khan,1,2026-09-13T13:20:00Z,2026-09-13T13:23:48Z,,2026-09-13T14:38:02Z,2026-09-13T13:35:00Z,2026-09-13T17:20:00Z,False,Met,Connection leak in an error path that skipped disposing the connection.,AzureMonitor,66325f340a186044
e84dc735-decb-4074-9848-54c0349be1a8,1389,Login failures with invalid token errors,Sign-in fails and sessions are dropped; token validation rejects valid tokens in eastus2.,identity,Sev1,Resolved,farah.khan,1,2026-09-13T17:39:00Z,2026-09-13T17:48:50Z,2026-09-13T18:06:49Z,2026-09-13T18:18:49Z,2026-09-13T17:54:00Z,2026-09-13T21:39:00Z,False,Met,Signing key rotation was not propagated to every validator.,Manual,
a03ff88e-dbc0-4047-8981-9c1ffeb40a67,1390,Report export timeouts for large date ranges,CSV report exports time out for date ranges longer than 13 days.,reporting,Sev4,Resolved,farah.khan,1,2026-09-14T11:17:00Z,2026-09-14T17:42:00Z,,2026-09-16T11:40:27Z,2026-09-15T11:17:00Z,2026-09-24T11:17:00Z,False,Met,Unbounded query without pagination.,Manual,
779ff57b-1aea-4364-b3ff-b9f7455724ee,1391,Duplicate charges reported by customers,Customers report being charged twice; the idempotency key is not honored on retried authorizations.,payments-gateway,Sev1,Resolved,alice.nguyen,3,2026-09-14T23:46:00Z,2026-09-15T02:25:55Z,2026-09-15T03:39:32Z,2026-09-15T04:28:37Z,2026-09-15T00:31:00Z,2026-09-15T03:46:00Z,True,Breached,Client retry policy bypassed the idempotency key.,Manual,
b0d22590-e398-4863-8b2a-51eec5ded7e6,1392,Error rate spike after deployment of identity,Error rate rose to 61% minutes after a release in eastus2; the release was rolled back.,identity,Sev2,Resolved,alice.nguyen,1,2026-09-15T13:43:00Z,2026-09-15T13:49:02Z,2026-09-15T16:43:47Z,2026-09-15T18:40:17Z,2026-09-15T14:13:00Z,2026-09-15T21:43:00Z,False,Met,Regression shipped without canary analysis.,AzureMonitor,6989e6f76c13fe7c
d1f42fbc-9341-4b7a-9497-1790db3aaa43,1393,Search cluster high CPU and slow queries,Search query latency is above 1200ms with cluster CPU at 95% on data nodes.,search,Sev3,Resolved,bruno.costa,1,2026-09-15T22:02:00Z,2026-09-15T23:39:34Z,2026-09-16T15:04:20Z,2026-09-17T01:20:51Z,2026-09-16T02:02:00Z,2026-09-18T22:02:00Z,False,Met,Expensive wildcard queries introduced by a new filter.,AzureMonitor,49a1e514d8456f09
0a419492-52f6-437a-8576-0fb9ddc824c5,1394,Error rate spike after deployment of notifications,Error rate rose to 40% minutes after a release in westeurope; the release was rolled back.,notifications,Sev3,Resolved,alice.nguyen,1,2026-09-17T08:03:00Z,2026-09-17T09:50:24Z,,2026-09-18T08:42:58Z,2026-09-17T12:03:00Z,2026-09-20T08:03:00Z,False,Met,Regression shipped without canary analysis.,AzureMonitor,37ea175cd08bc8d2
cd402912-907c-42d2-b75b-5d4c68a3618c,1395,TLS certificate expiring on payments-gateway endpoint,The public certificate for payments-gateway expires in 17 days and automated renewal did not run.,payments-gateway,Sev3,Resolved,bruno.costa,1,2026-09-17T10:28:00Z,2026-09-17T11:11:00Z,,2026-09-18T02:50:19Z,2026-09-17T14:28:00Z,2026-09-20T10:28:00Z,False,Met,Certificate renewal job was disabled during a pipeline migration.,Alertmanager,89bd101085bb4714
e1b83b3b-0a9a-46ca-9fe9-fa6ab519a68c,1396,Checkout API p99 latency above 3000ms,Cart and order placement requests are slow in brazilsouth; p99 latency stayed above 3000ms for more than ten minutes.,checkout,Sev3,Resolved,bruno.costa,2,2026-09-17T13:47:00Z,2026-09-17T18:03:41Z,2026-09-18T18:35:20Z,2026-09-19T10:56:26Z,2026-09-17T21:47:00Z,2026-09-20T13:47:00Z,True,Breached,Slow query on the orders table after an index was dropped.,Manual,
86c337a6-1219-4551-b4ea-8b9a6be1f6ff,1397,Push notifications failing for Android devices,Android push notifications fail with invalid credentials from the push provider.,notifications,Sev2,Resolved,alice.nguyen,1,2026-09-17T20:23:00Z,2026-09-17T20:29:12Z,,2026-09-17T21:40:29Z,2026-09-17T20:53:00Z,2026-09-18T04:23:00Z,False,Met,Push provider credentials expired.,Alertmanager,cf687cefede78f89
f4b787cf-2233-46c3-8c6a-ac4b1a5ebdbc,1398,TLS certificate expiring on checkout endpoint,The public certificate for checkout expires in 8 days and automated renewal did not run.,checkout,Sev4,Resolved,bruno.costa,1,2026-09-18T09:30:00Z,2026-09-18T13:02:44Z,,2026-09-22T10:07:53Z,2026-09-19T09:30:00Z,2026-09-28T09:30:00Z,False,Met,Certificate renewal job was disabled during a pipeline migration.,Alertmanager,277510291a8d5198
8a42b820-ab59-4248-a193-0cb36773147f,1399,Push notifications failing for Android devices,Android push notifications fail with invalid credentials from the push provider.,notifications,Sev4,Resolved,alice.nguyen,3,2026-09-18T11:13:00Z,2026-09-20T22:22:19Z,2026-09-23T02:41:01Z,2026-09-24T13:33:29Z,2026-09-21T11:13:00Z,2026-09-28T11:13:00Z,True,Breached,Push provider credentials expired.,Manual,
686983a3-c94c-4b22-a0b6-37e123477902,1400,Duplicate charges reported by customers,Customers report being charged twice; the idempotency key is not honored on retried authorizations.,payments-gateway,Sev3,Resolved,alice.nguyen,1,2026-09-19T21:48:00Z,2026-09-20T01:01:51Z,,2026-09-22T10:00:30Z,2026-09-20T01:48:00Z,2026-09-22T21:48:00Z,False,Met,Client retry policy bypassed the idempotency key.,Manual,
a850c6bc-d431-45a7-8065-c6c17e076ba4,1401,Card authorization timeouts with acquirer,Authorization requests to the acquirer time out after 30 seconds; payment success rate dropped to 76%.,payments-gateway,Sev1,Resolved,alice.nguyen,1,2026-09-20T02:21:00Z,2026-09-20T02:22:46Z,,2026-09-20T03:52:27Z,2026-09-20T02:36:00Z,2026-09-20T06:21:00Z,False,Met,Acquirer endpoint degradation with no failover to the secondary acquirer.,Alertmanager,1b539d984dfe0179
df74c3d9-44de-4e1d-847d-e45a9f2d33a7,1402,Email delivery queue backlog,Outbound email queue depth is above 1000; transactional emails are delayed.,notifications,Sev3,Resolved,alice.nguyen,1,2026-09-20T02:32:00Z,2026-09-20T04:31:52Z,,2026-09-22T02:40:33Z,2026-09-20T06:32:00Z,2026-09-23T02:32:00Z,False,Met,Queue consumer crash loop after a dependency upgrade.,Alertmanager,bc52542c90d58a92
c3ac06fd-8866-40d0-8c2a-0d5d46547d5a,1403,Login failures with invalid token errors,Sign-in fails and sessions are dropped; token validation rejects valid tokens in southeastasia.,identity,Sev3,Resolved,alice.nguyen,1,2026-09-21T00:09:00Z,2026-09-21T01:23:50Z,2026-09-21T05:06:20Z,2026-09-21T07:34:40Z,2026-09-21T04:09:00Z,2026-09-24T00:09:00Z,False,Met,Signing key rotation was not propagated to every validator.,AzureMonitor,b9eb7f6093862663
9ab7d660-d1cc-484b-9a0d-d60eda8958ca,1404,Payment webhook delivery backlog,Payment status webhooks are queued and delayed by 70 minutes.,payments-gateway,Sev2,Resolved,alice.nguyen,1,2026-09-21T04:34:00Z,2026-09-21T04:41:21Z,2026-09-21T06:02:12Z,2026-09-21T06:56:06Z,2026-09-21T05:04:00Z,2026-09-21T12:34:00Z,False,Met,Webhook consumer scaled to zero after an autoscaling rule change.,Alertmanager,02d723d8183a0105
e73f4e78-062c-4806-9a2d-371337fc6480,1405,Login failures with invalid token errors,Sign-in fails and sessions are dropped; token validation rejects valid tokens in southeastasia.,identity,Sev3,Resolved,alice.nguyen,1,2026-09-21T08:06:00Z,2026-09-21T08:43:19Z,,2026-09-22T04:18:35Z,2026-09-21T12:06:00Z,2026-09-24T08:06:00Z,False,Met,Signing key rotation was not propagated to every validator.,Alertmanager,03dd7a92b8892f30
2efdf54e-dd67-420f-a115-caab718dc3b2,1406,Checkout API p99 latency above 1500ms,Cart and order placement requests are slow in eastus2; p99 latency stayed above 1500ms for more than ten minutes.,checkout,Sev3,Resolved,alice.nguyen,1,2026-09-21T11:14:00Z,2026-09-21T11:40:05Z,2026-09-23T20:07:45Z,2026-09-25T09:46:12Z,2026-09-21T15:14:00Z,2026-09-24T11:14:00Z,False,Breached,Slow query on the orders table after an index was dropped.,Alertmanager,111a74c7bbe93183
be55d24a-e4d1-4730-b52d-fe1fb121ef3a,1407,Order placement failing with HTTP 500,Customers cannot place orders; POST /orders returns HTTP 500 in brazilsouth.,checkout,Sev2,Resolved,bruno.costa,3,2026-09-22T04:32:00Z,2026-09-22T06:09:25Z,2026-09-22T07:36:57Z,2026-09-22T08:35:18Z,2026-09-22T06:02:00Z,2026-09-22T12:32:00Z,True,Breached,Null reference in promotion rules after a configuration change.,Manual,
9e113a9d-8ed2-4b81-bf6f-165619d798d2,1408,Checkout API p99 latency above 800ms,Cart and order placement requests are slow in brazilsouth; p99 latency stayed above 800ms for more than ten minutes.,checkout,Sev2,Resolved,carla.mendes,1,2026-09-23T07:56:00Z,2026-09-23T07:57:41Z,2026-09-23T13:18:37Z,2026-09-23T16:52:34Z,2026-09-23T08:26:00Z,2026-09-23T15:56:00Z,False,Breached,Slow query on the orders table after an index was dropped.,Alertmanager,6ab48033a3cfa044
689aa348-a645-441c-965f-f9ac2df7d501,1409,Report export timeouts for large date ranges,CSV report exports time out for date ranges longer than 4 days.,reporting,Sev3,Resolved,bruno.costa,1,2026-09-23T08:52:00Z,2026-09-23T10:27:23Z,2026-09-23T14:58:19Z,2026-09-23T17:58:57Z,2026-09-23T12:52:00Z,2026-09-26T08:52:00Z,False,Met,Unbounded query without pagination.,Manual,
6b7d0e42-0847-44e4-9be5-cbe1e94cfee9,1410,Push notifications failing for Android devices,Android push notifications fail with invalid credentials from the push provider.,notifications,Sev2,Resolved,bruno.costa,2,2026-09-23T23:03:00Z,2026-09-23T23:58:35Z,,2026-09-24T04:59:34Z,2026-09-24T00:03:00Z,2026-09-24T07:03:00Z,True,Breached,Push provider credentials expired.,Manual,
49e47721-a226-4ef3-8394-8b9b256b5e13,1411,TLS certificate expiring on notifications endpoint,The public certificate for notifications expires in 20 days and automated renewal did not run.,notifications,Sev3,Resolved,bruno.costa,1,2026-09-24T23:39:00Z,2026-09-25T00:46:38Z,2026-09-25T08:10:59Z,2026-09-25T13:07:13Z,2026-09-25T03:39:00Z,2026-09-27T23:39:00Z,False,Met,Certificate renewal job was disabled during a pipeline migration.,Alertmanager,5dc94a035c203b02
f38270e6-d000-48ca-9f41-ed682612f18d,1412,Card authorization timeouts with acquirer,Authorization requests to the acquirer time out after 30 seconds; payment success rate dropped to 74%.,payments-gateway,Sev3,Resolved,bruno.costa,1,2026-09-25T04:37:00Z,2026-09-25T05:44:30Z,2026-09-26T03:03:53Z,2026-09-26T17:16:48Z,2026-09-25T08:37:00Z,2026-09-28T04:37:00Z,False,Met,Acquirer endpoint degradation with no failover to the secondary acquirer.,Manual,
db8246f2-621f-41e3-83d4-16aae4819d4c,1413,Email delivery queue backlog,Outbound email queue depth is above 200; transactional emails are delayed.,notifications,Sev3,Acknowledged,bruno.costa,1,2026-09-25T04:44:00Z,2026-09-25T05:15:43Z,,,2026-09-25T08:44:00Z,2026-09-28T04:44:00Z,False,AtRisk,,AzureMonitor,bd5ba38322e38967
2d5ca365-8384-4852-89e8-6fc8081c85e5,1414,Checkout API p99 latency above 3000ms,Cart and order placement requests are slow in eastus2; p99 latency stayed above 3000ms for more than ten minutes.,checkout,Sev4,Resolved,bruno.costa,1,2026-09-25T13:45:00Z,2026-09-25T19:36:49Z,,2026-09-27T14:17:35Z,2026-09-26T13:45:00Z,2026-10-05T13:45:00Z,False,Met,Slow query on the orders table after an index was dropped.,AzureMonitor,81513f0f8efc02be
dc9fd052-7a74-4cbd-980a-717403ec421b,1415,Search cluster high CPU and slow queries,Search query latency is above 2000ms with cluster CPU at 95% on data nodes.,search,Sev3,Resolved,carla.mendes,1,2026-09-25T15:48:00Z,2026-09-25T18:52:57Z,2026-09-26T02:47:44Z,2026-09-26T08:04:16Z,2026-09-25T19:48:00Z,2026-09-28T15:48:00Z,False,Met,Expensive wildcard queries introduced by a new filter.,Alertmanager,d199a5fce388d66a
51386a5c-e39c-471d-84bc-81b5e7fda800,1416,Search results stale after catalog update,Product search shows outdated prices and stock; index lag is 107 minutes.,search,Sev4,Resolved,bruno.costa,1,2026-09-25T20:16:00Z,2026-09-26T07:48:52Z,2026-09-27T02:18:51Z,2026-09-27T14:38:50Z,2026-09-26T20:16:00Z,2026-10-05T20:16:00Z,False,Met,Indexer stuck on a poison message.,AzureMonitor,ad9d56c983e000f3
14602078-00b9-4310-b5ef-da5783628f62,1417,MFA SMS codes not delivered,One-time passcodes sent by SMS are delayed or never delivered to users in brazilsouth.,identity,Sev2,Resolved,bruno.costa,1,2026-09-25T23:47:00Z,2026-09-25T23:59:18Z,2026-09-26T02:16:00Z,2026-09-26T03:47:08Z,2026-09-26T00:17:00Z,2026-09-26T07:47:00Z,False,Met,SMS provider throttled the sender after a traffic burst.,Manual,
2ab071fe-6271-42c6-b0fc-7f2bf9887324,1418,Search results stale after catalog update,Product search shows outdated prices and stock; index lag is 93 minutes.,search,Sev4,Acknowledged,bruno.costa,1,2026-09-26T00:30:00Z,2026-09-26T03:38:41Z,,,2026-09-27T00:30:00Z,2026-10-06T00:30:00Z,False,OnTrack,,Manual,
573814a3-dfe9-4e82-bc2b-2988f415effd,1419,Search cluster high CPU and slow queries,Search query latency is above 2000ms with cluster CPU at 95% on data nodes.,search,Sev3,Acknowledged,bruno.costa,1,2026-09-27T12:55:00Z,2026-09-27T13:23:40Z,,,2026-09-27T16:55:00Z,2026-09-30T12:55:00Z,False,OnTrack,,AzureMonitor,153496cc180373ef
f94ff3a8-df04-48ab-a41e-2f9020a9a173,1420,Push notifications failing for Android devices,Android push notifications fail with invalid credentials from the push provider.,notifications,Sev3,Triggered,,1,2026-09-27T23:06:00Z,,,,2026-09-28T03:06:00Z,2026-09-30T23:06:00Z,False,OnTrack,,Manual,
